Sample_ID,Sample_Name,Sample_Plate,Sample_Well,index,I7_Index_ID,index2,I5_Index_ID,Tubo_Web_Index
1,bir_1228_pA_1,,A1,AATGCGTT,F1,AACAATGG,R1,1;2
2,bir_1228_pA_2,,B1,AATGCGTT,F1,TTGAGCCT,R2,1;3
3,bir_1228_pA_3,,C1,AATGCGTT,F1,AACTTGAC,R3,1;4
4,bir_1228_pA_4,,D1,AATGCGTT,F1,TTCGCTGA,R4,1;5
5,bir_1228_pA_5,,E1,AATGCGTT,F1,AAGGATGT,R5,1;6
6,bir_1228_pA_6,,F1,AATGCGTT,F1,TTACGCAC,R6,1;7
7,bir_1228_pA_7,,G1,AATGCGTT,F1,AATGTTCT,R7,1;8
8,bir_1228_pA_8,,H1,AATGCGTT,F1,TGTCGGAT,R8,1;9
9,bir_1228_pA_9,,A2,ATAGACAA,F2,AACAATGG,R1,10;2
10,bir_1228_pA_10,,B2,ATAGACAA,F2,TTGAGCCT,R2,10;3
11,bir_1228_pA_11,,C2,ATAGACAA,F2,AACTTGAC,R3,10;4
12,bir_1228_pA_12,,D2,ATAGACAA,F2,TTCGCTGA,R4,10;5
13,bir_1228_pA_13,,E2,ATAGACAA,F2,AAGGATGT,R5,10;6
14,bir_1228_pA_14,,F2,ATAGACAA,F2,TTACGCAC,R6,10;7
15,bir_1228_pA_15,,G2,ATAGACAA,F2,AATGTTCT,R7,10;8
16,bir_1228_pA_16,,H2,ATAGACAA,F2,TGTCGGAT,R8,10;9
17,bir_1228_pA_17,,A3,AGTGTCTT,F3,AACAATGG,R1,11;2
18,bir_1228_pA_18,,B3,AGTGTCTT,F3,TTGAGCCT,R2,11;3
19,bir_1228_pA_19,,C3,AGTGTCTT,F3,AACTTGAC,R3,11;4
20,bir_1228_pA_20,,D3,AGTGTCTT,F3,TTCGCTGA,R4,11;5
21,bir_1228_pA_21,,E3,AGTGTCTT,F3,AAGGATGT,R5,11;6
22,bir_1228_pA_22,,F3,AGTGTCTT,F3,TTACGCAC,R6,11;7
23,bir_1228_pA_23,,G3,AGTGTCTT,F3,AATGTTCT,R7,11;8
24,bir_1228_pA_24,,H3,AGTGTCTT,F3,TGTCGGAT,R8,11;9
25,bir_1228_pA_25,,A4,CTATTCAA,F4,AACAATGG,R1,12;2
26,bir_1228_pA_26,,B4,CTATTCAA,F4,TTGAGCCT,R2,12;3
27,bir_1228_pA_27,,C4,CTATTCAA,F4,AACTTGAC,R3,12;4
28,bir_1228_pA_28,,D4,CTATTCAA,F4,TTCGCTGA,R4,12;5
29,bir_1228_pA_29,,E4,CTATTCAA,F4,AAGGATGT,R5,12;6
30,bir_1228_pA_30,,F4,CTATTCAA,F4,TTACGCAC,R6,12;7
31,bir_1228_pA_31,,G4,CTATTCAA,F4,AATGTTCT,R7,12;8
32,bir_1228_pA_32,,H4,CTATTCAA,F4,TGTCGGAT,R8,12;9
33,bir_1228_pA_33,,A5,CTCTACTT,F5,AACAATGG,R1,13;2
34,bir_1228_pA_34,,B5,CTCTACTT,F5,TTGAGCCT,R2,13;3
35,bir_1228_pA_35,,C5,CTCTACTT,F5,AACTTGAC,R3,13;4
36,bir_1228_pA_36,,D5,CTCTACTT,F5,TTCGCTGA,R4,13;5
37,bir_1228_pA_37,,E5,CTCTACTT,F5,AAGGATGT,R5,13;6
38,bir_1228_pA_38,,F5,CTCTACTT,F5,TTACGCAC,R6,13;7
39,bir_1228_pA_39,,G5,CTCTACTT,F5,AATGTTCT,R7,13;8
40,bir_1228_pA_40,,H5,CTCTACTT,F5,TGTCGGAT,R8,13;9
41,bir_1228_pA_41,,A6,AGATATAA,F6,AACAATGG,R1,14;2
42,bir_1228_pA_42,,B6,AGATATAA,F6,TTGAGCCT,R2,14;3
43,bir_1228_pA_43,,C6,AGATATAA,F6,AACTTGAC,R3,14;4
44,bir_1228_pA_44,,D6,AGATATAA,F6,TTCGCTGA,R4,14;5
45,bir_1228_pA_45,,E6,AGATATAA,F6,AAGGATGT,R5,14;6
46,bir_1228_pA_46,,F6,AGATATAA,F6,TTACGCAC,R6,14;7
47,bir_1228_pA_47,,G6,AGATATAA,F6,AATGTTCT,R7,14;8
48,bir_1228_pA_48,,H6,AGATATAA,F6,TGTCGGAT,R8,14;9
49,bir_1228_pA_49,,A7,GATCGTGT,F7,AACAATGG,R1,15;2
50,bir_1228_pA_50,,B7,GATCGTGT,F7,TTGAGCCT,R2,15;3
51,bir_1228_pA_51,,C7,GATCGTGT,F7,AACTTGAC,R3,15;4
52,bir_1228_pA_52,,D7,GATCGTGT,F7,TTCGCTGA,R4,15;5
53,bir_1228_pA_53,,E7,GATCGTGT,F7,AAGGATGT,R5,15;6
54,bir_1228_pA_54,,F7,GATCGTGT,F7,TTACGCAC,R6,15;7
55,bir_1228_pA_55,,G7,GATCGTGT,F7,AATGTTCT,R7,15;8
56,bir_1228_pA_56,,H7,GATCGTGT,F7,TGTCGGAT,R8,15;9
57,bir_1228_pA_57,,A8,CTGATTAA,F8,AACAATGG,R1,16;2
58,bir_1228_pA_58,,B8,CTGATTAA,F8,TTGAGCCT,R2,16;3
59,bir_1228_pA_59,,C8,CTGATTAA,F8,AACTTGAC,R3,16;4
60,bir_1228_pA_60,,D8,CTGATTAA,F8,TTCGCTGA,R4,16;5
61,bir_1228_pA_61,,E8,CTGATTAA,F8,AAGGATGT,R5,16;6
62,bir_1228_pA_62,,F8,CTGATTAA,F8,TTACGCAC,R6,16;7
63,bir_1228_pA_63,,G8,CTGATTAA,F8,AATGTTCT,R7,16;8
64,bir_1228_pA_64,,H8,CTGATTAA,F8,TGTCGGAT,R8,16;9
65,bir_1228_pA_65,,A9,TCAACTGT,F9,AACAATGG,R1,17;2
66,bir_1228_pA_66,,B9,TCAACTGT,F9,TTGAGCCT,R2,17;3
67,bir_1228_pA_67,,C9,TCAACTGT,F9,AACTTGAC,R3,17;4
68,bir_1228_pA_68,,D9,TCAACTGT,F9,TTCGCTGA,R4,17;5
69,bir_1228_pA_69,,E9,TCAACTGT,F9,AAGGATGT,R5,17;6
70,bir_1228_pA_70,,F9,TCAACTGT,F9,TTACGCAC,R6,17;7
71,bir_1228_pA_71,,G9,TCAACTGT,F9,AATGTTCT,R7,17;8
72,bir_1228_pA_72,,H9,TCAACTGT,F9,TGTCGGAT,R8,17;9
73,bir_1228_pA_73,,A10,TGATTACA,F10,AACAATGG,R1,18;2
74,bir_1228_pA_74,,B10,TGATTACA,F10,TTGAGCCT,R2,18;3
75,bir_1228_pA_75,,C10,TGATTACA,F10,AACTTGAC,R3,18;4
76,bir_1228_pA_76,,D10,TGATTACA,F10,TTCGCTGA,R4,18;5
77,bir_1228_pA_77,,E10,TGATTACA,F10,AAGGATGT,R5,18;6
78,bir_1228_pA_78,,F10,TGATTACA,F10,TTACGCAC,R6,18;7
79,bir_1228_pA_79,,G10,TGATTACA,F10,AATGTTCT,R7,18;8
80,bir_1228_pA_80,,H10,TGATTACA,F10,TGTCGGAT,R8,18;9
81,bir_1228_pA_81,,A11,GTCTTAGT,F11,AACAATGG,R1,19;2
82,bir_1228_pA_82,,B11,GTCTTAGT,F11,TTGAGCCT,R2,19;3
83,bir_1228_pA_83,,C11,GTCTTAGT,F11,AACTTGAC,R3,19;4
84,bir_1228_pA_84,,D11,GTCTTAGT,F11,TTCGCTGA,R4,19;5
85,bir_1228_pA_85,,E11,GTCTTAGT,F11,AAGGATGT,R5,19;6
86,bir_1228_pA_86,,F11,GTCTTAGT,F11,TTACGCAC,R6,19;7
87,bir_1228_pA_87,,G11,GTCTTAGT,F11,AATGTTCT,R7,19;8
88,bir_1228_pA_88,,H11,GTCTTAGT,F11,TGTCGGAT,R8,19;9
89,bir_1228_pA_89,,A12,CAGCAGCA,F12,AACAATGG,R1,20;2
90,bir_1228_pA_90,,B12,CAGCAGCA,F12,TTGAGCCT,R2,20;3
91,bir_1228_pA_91,,C12,CAGCAGCA,F12,AACTTGAC,R3,20;4
92,bir_1228_pA_92,,D12,CAGCAGCA,F12,TTCGCTGA,R4,20;5
93,bir_1228_pA_93,,E12,CAGCAGCA,F12,AAGGATGT,R5,20;6
94,bir_1228_pA_94,,F12,CAGCAGCA,F12,TTACGCAC,R6,20;7
95,bir_1228_pA_95,,G12,CAGCAGCA,F12,AATGTTCT,R7,20;8
96,bir_1228_pA_96,,H12,CAGCAGCA,F12,TGTCGGAT,R8,20;9
97,bir_1228_pB_1,,A1,AATGCGTT,F1,AGGTAAGG,R17,1;21
98,bir_1228_pB_2,,B1,AATGCGTT,F1,TCGCTAGA,R18,1;22
99,bir_1228_pB_3,,C1,AATGCGTT,F1,AGGTGCGA,R19,1;23
100,bir_1228_pB_4,,D1,AATGCGTT,F1,TCCTTGGT,R20,1;24
101,bir_1228_pB_5,,E1,AATGCGTT,F1,AGTTGCTT,R21,1;25
102,bir_1228_pB_6,,F1,AATGCGTT,F1,TATCTGCC,R22,1;26
103,bir_1228_pB_7,,G1,AATGCGTT,F1,ATTATCAA,R23,1;27
104,bir_1228_pB_8,,H1,AATGCGTT,F1,TACTTAGC,R24,1;28
105,bir_1228_pB_9,,A2,ATAGACAA,F2,AGGTAAGG,R17,10;21
106,bir_1228_pB_10,,B2,ATAGACAA,F2,TCGCTAGA,R18,10;22
107,bir_1228_pB_11,,C2,ATAGACAA,F2,AGGTGCGA,R19,10;23
108,bir_1228_pB_12,,D2,ATAGACAA,F2,TCCTTGGT,R20,10;24
109,bir_1228_pB_13,,E2,ATAGACAA,F2,AGTTGCTT,R21,10;25
110,bir_1228_pB_14,,F2,ATAGACAA,F2,TATCTGCC,R22,10;26
111,bir_1228_pB_15,,G2,ATAGACAA,F2,ATTATCAA,R23,10;27
112,bir_1228_pB_16,,H2,ATAGACAA,F2,TACTTAGC,R24,10;28
113,bir_1228_pB_17,,A3,AGTGTCTT,F3,AGGTAAGG,R17,11;21
114,bir_1228_pB_18,,B3,AGTGTCTT,F3,TCGCTAGA,R18,11;22
115,bir_1228_pB_19,,C3,AGTGTCTT,F3,AGGTGCGA,R19,11;23
116,bir_1228_pB_20,,D3,AGTGTCTT,F3,TCCTTGGT,R20,11;24
117,bir_1228_pB_21,,E3,AGTGTCTT,F3,AGTTGCTT,R21,11;25
118,bir_1228_pB_22,,F3,AGTGTCTT,F3,TATCTGCC,R22,11;26
119,bir_1228_pB_23,,G3,AGTGTCTT,F3,ATTATCAA,R23,11;27
120,bir_1228_pB_24,,H3,AGTGTCTT,F3,TACTTAGC,R24,11;28
121,bir_1228_pB_25,,A4,CTATTCAA,F4,AGGTAAGG,R17,12;21
122,bir_1228_pB_26,,B4,CTATTCAA,F4,TCGCTAGA,R18,12;22
123,bir_1228_pB_27,,C4,CTATTCAA,F4,AGGTGCGA,R19,12;23
124,bir_1228_pB_28,,D4,CTATTCAA,F4,TCCTTGGT,R20,12;24
125,bir_1228_pB_29,,E4,CTATTCAA,F4,AGTTGCTT,R21,12;25
126,bir_1228_pB_30,,F4,CTATTCAA,F4,TATCTGCC,R22,12;26
127,bir_1228_pB_31,,G4,CTATTCAA,F4,ATTATCAA,R23,12;27
128,bir_1228_pB_32,,H4,CTATTCAA,F4,TACTTAGC,R24,12;28
129,bir_1228_pB_33,,A5,CTCTACTT,F5,AGGTAAGG,R17,13;21
130,bir_1228_pB_34,,B5,CTCTACTT,F5,TCGCTAGA,R18,13;22
131,bir_1228_pB_35,,C5,CTCTACTT,F5,AGGTGCGA,R19,13;23
132,bir_1228_pB_36,,D5,CTCTACTT,F5,TCCTTGGT,R20,13;24
133,bir_1228_pB_37,,E5,CTCTACTT,F5,AGTTGCTT,R21,13;25
134,bir_1228_pB_38,,F5,CTCTACTT,F5,TATCTGCC,R22,13;26
135,bir_1228_pB_39,,G5,CTCTACTT,F5,ATTATCAA,R23,13;27
136,bir_1228_pB_40,,H5,CTCTACTT,F5,TACTTAGC,R24,13;28
137,bir_1228_pB_41,,A6,AGATATAA,F6,AGGTAAGG,R17,14;21
138,bir_1228_pB_42,,B6,AGATATAA,F6,TCGCTAGA,R18,14;22
139,bir_1228_pB_43,,C6,AGATATAA,F6,AGGTGCGA,R19,14;23
140,bir_1228_pB_44,,D6,AGATATAA,F6,TCCTTGGT,R20,14;24
141,bir_1228_pB_45,,E6,AGATATAA,F6,AGTTGCTT,R21,14;25
142,bir_1228_pB_46,,F6,AGATATAA,F6,TATCTGCC,R22,14;26
143,bir_1228_pB_47,,G6,AGATATAA,F6,ATTATCAA,R23,14;27
144,bir_1228_pB_48,,H6,AGATATAA,F6,TACTTAGC,R24,14;28
145,bir_1228_pB_49,,A7,GATCGTGT,F7,AGGTAAGG,R17,15;21
146,bir_1228_pB_50,,B7,GATCGTGT,F7,TCGCTAGA,R18,15;22
147,bir_1228_pB_51,,C7,GATCGTGT,F7,AGGTGCGA,R19,15;23
148,bir_1228_pB_52,,D7,GATCGTGT,F7,TCCTTGGT,R20,15;24
149,bir_1228_pB_53,,E7,GATCGTGT,F7,AGTTGCTT,R21,15;25
150,bir_1228_pB_54,,F7,GATCGTGT,F7,TATCTGCC,R22,15;26
151,bir_1228_pB_55,,G7,GATCGTGT,F7,ATTATCAA,R23,15;27
152,bir_1228_pB_56,,H7,GATCGTGT,F7,TACTTAGC,R24,15;28
153,bir_1228_pB_57,,A8,CTGATTAA,F8,AGGTAAGG,R17,16;21
154,bir_1228_pB_58,,B8,CTGATTAA,F8,TCGCTAGA,R18,16;22
155,bir_1228_pB_59,,C8,CTGATTAA,F8,AGGTGCGA,R19,16;23
156,bir_1228_pB_60,,D8,CTGATTAA,F8,TCCTTGGT,R20,16;24
157,bir_1228_pB_61,,E8,CTGATTAA,F8,AGTTGCTT,R21,16;25
158,bir_1228_pB_62,,F8,CTGATTAA,F8,TATCTGCC,R22,16;26
159,bir_1228_pB_63,,G8,CTGATTAA,F8,ATTATCAA,R23,16;27
160,bir_1228_pB_64,,H8,CTGATTAA,F8,TACTTAGC,R24,16;28
161,bir_1228_pB_65,,A9,TCAACTGT,F9,AGGTAAGG,R17,17;21
162,bir_1228_pB_66,,B9,TCAACTGT,F9,TCGCTAGA,R18,17;22
163,bir_1228_pB_67,,C9,TCAACTGT,F9,AGGTGCGA,R19,17;23
164,bir_1228_pB_68,,D9,TCAACTGT,F9,TCCTTGGT,R20,17;24
165,bir_1228_pB_69,,E9,TCAACTGT,F9,AGTTGCTT,R21,17;25
166,bir_1228_pB_70,,F9,TCAACTGT,F9,TATCTGCC,R22,17;26
167,bir_1228_pB_71,,G9,TCAACTGT,F9,ATTATCAA,R23,17;27
168,bir_1228_pB_72,,H9,TCAACTGT,F9,TACTTAGC,R24,17;28
169,bir_1228_pB_73,,A10,TGATTACA,F10,AGGTAAGG,R17,18;21
170,bir_1228_pB_74,,B10,TGATTACA,F10,TCGCTAGA,R18,18;22
171,bir_1228_pB_75,,C10,TGATTACA,F10,AGGTGCGA,R19,18;23
172,bir_1228_pB_76,,D10,TGATTACA,F10,TCCTTGGT,R20,18;24
173,bir_1228_pB_77,,E10,TGATTACA,F10,AGTTGCTT,R21,18;25
174,bir_1228_pB_78,,F10,TGATTACA,F10,TATCTGCC,R22,18;26
175,bir_1228_pB_79,,G10,TGATTACA,F10,ATTATCAA,R23,18;27
176,bir_1228_pB_80,,H10,TGATTACA,F10,TACTTAGC,R24,18;28
177,bir_1228_pB_81,,A11,GTCTTAGT,F11,AGGTAAGG,R17,19;21
178,bir_1228_pB_82,,B11,GTCTTAGT,F11,TCGCTAGA,R18,19;22
179,bir_1228_pB_83,,C11,GTCTTAGT,F11,AGGTGCGA,R19,19;23
180,bir_1228_pB_84,,D11,GTCTTAGT,F11,TCCTTGGT,R20,19;24
181,bir_1228_pB_85,,E11,GTCTTAGT,F11,AGTTGCTT,R21,19;25
182,bir_1228_pB_86,,F11,GTCTTAGT,F11,TATCTGCC,R22,19;26
183,bir_1228_pB_87,,G11,GTCTTAGT,F11,ATTATCAA,R23,19;27
184,bir_1228_pB_88,,H11,GTCTTAGT,F11,TACTTAGC,R24,19;28
185,bir_1228_pB_89,,A12,CAGCAGCA,F12,AGGTAAGG,R17,20;21
186,bir_1228_pB_90,,B12,CAGCAGCA,F12,TCGCTAGA,R18,20;22
187,bir_1228_pB_91,,C12,CAGCAGCA,F12,AGGTGCGA,R19,20;23
188,bir_1228_pB_92,,D12,CAGCAGCA,F12,TCCTTGGT,R20,20;24
189,bir_1228_pB_93,,E12,CAGCAGCA,F12,AGTTGCTT,R21,20;25
190,bir_1228_pB_94,,F12,CAGCAGCA,F12,TATCTGCC,R22,20;26
191,bir_1228_pB_95,,G12,CAGCAGCA,F12,ATTATCAA,R23,20;27
192,bir_1228_pB_96,,H12,CAGCAGCA,F12,TACTTAGC,R24,20;28
193,bir_1228_pControlB_1,,A1,GAATTGCT,F13,ACAGGTAT,R9,29;30
194,bir_1228_pControlB_2,,B1,GAATTGCT,F13,TGTAACTC,R10,29;31
195,bir_1228_pControlB_3,,C1,GAATTGCT,F13,ACCAACTG,R11,29;32
196,bir_1228_pControlB_4,,D1,GAATTGCT,F13,TGCTCGAC,R12,29;33
197,bir_1228_pControlB_5,,E1,GAATTGCT,F13,ACTGTATC,R13,29;34
198,bir_1228_pControlB_6,,F1,GAATTGCT,F13,TCTGGCGA,R14,29;35
199,bir_1228_pControlB_7,,G1,GAATTGCT,F13,AGCATGGA,R15,29;36
200,bir_1228_pControlB_8,,H1,GAATTGCT,F13,TCTCGGTC,R16,29;37
201,bir_1228_pControlB_9,,A2,TACTTGCA,F14,ACAGGTAT,R9,38;30
202,bir_1228_pControlB_10,,B2,TACTTGCA,F14,TGTAACTC,R10,38;31
203,bir_1228_pControlB_11,,C2,TACTTGCA,F14,ACCAACTG,R11,38;32
204,bir_1228_pControlB_12,,D2,TACTTGCA,F14,TGCTCGAC,R12,38;33
205,bir_1228_pControlB_13,,E2,TACTTGCA,F14,ACTGTATC,R13,38;34
206,bir_1228_pControlB_14,,F2,TACTTGCA,F14,TCTGGCGA,R14,38;35
207,bir_1228_pControlB_15,,G2,TACTTGCA,F14,AGCATGGA,R15,38;36
208,bir_1228_pControlB_16,,H2,TACTTGCA,F14,TCTCGGTC,R16,38;37
209,bir_1228_pControlB_17,,A3,TAGATCCT,F15,ACAGGTAT,R9,39;30
210,bir_1228_pControlB_18,,B3,TAGATCCT,F15,TGTAACTC,R10,39;31
211,bir_1228_pControlB_19,,C3,TAGATCCT,F15,ACCAACTG,R11,39;32
212,bir_1228_pControlB_20,,D3,TAGATCCT,F15,TGCTCGAC,R12,39;33
213,bir_1228_pControlB_21,,E3,TAGATCCT,F15,ACTGTATC,R13,39;34
214,bir_1228_pControlB_22,,F3,TAGATCCT,F15,TCTGGCGA,R14,39;35
215,bir_1228_pControlB_23,,G3,TAGATCCT,F15,AGCATGGA,R15,39;36
216,bir_1228_pControlB_24,,H3,TAGATCCT,F15,TCTCGGTC,R16,39;37
217,bir_1228_pControlB_25,,A4,CTTGCAGA,F16,ACAGGTAT,R9,40;30
218,bir_1228_pControlB_26,,B4,CTTGCAGA,F16,TGTAACTC,R10,40;31
219,bir_1228_pControlB_27,,C4,CTTGCAGA,F16,ACCAACTG,R11,40;32
220,bir_1228_pControlB_28,,D4,CTTGCAGA,F16,TGCTCGAC,R12,40;33
221,bir_1228_pControlB_29,,E4,CTTGCAGA,F16,ACTGTATC,R13,40;34
222,bir_1228_pControlB_30,,F4,CTTGCAGA,F16,TCTGGCGA,R14,40;35
223,bir_1228_pControlB_31,,G4,CTTGCAGA,F16,AGCATGGA,R15,40;36
224,bir_1228_pControlB_32,,H4,CTTGCAGA,F16,TCTCGGTC,R16,40;37
225,bir_1228_pControlB_33,,A5,TGCGACCT,F17,ACAGGTAT,R9,41;30
226,bir_1228_pControlB_34,,B5,TGCGACCT,F17,TGTAACTC,R10,41;31
227,bir_1228_pControlB_35,,C5,TGCGACCT,F17,ACCAACTG,R11,41;32
228,bir_1228_pControlB_36,,D5,TGCGACCT,F17,TGCTCGAC,R12,41;33
229,bir_1228_pControlB_37,,E5,TGCGACCT,F17,ACTGTATC,R13,41;34
230,bir_1228_pControlB_38,,F5,TGCGACCT,F17,TCTGGCGA,R14,41;35
231,bir_1228_pControlB_39,,G5,TGCGACCT,F17,AGCATGGA,R15,41;36
232,bir_1228_pControlB_40,,H5,TGCGACCT,F17,TCTCGGTC,R16,41;37
233,bir_1228_pControlB_41,,A6,CATTCCGA,F18,ACAGGTAT,R9,42;30
234,bir_1228_pControlB_42,,B6,CATTCCGA,F18,TGTAACTC,R10,42;31
235,bir_1228_pControlB_43,,C6,CATTCCGA,F18,ACCAACTG,R11,42;32
236,bir_1228_pControlB_44,,D6,CATTCCGA,F18,TGCTCGAC,R12,42;33
237,bir_1228_pControlB_45,,E6,CATTCCGA,F18,ACTGTATC,R13,42;34
238,bir_1228_pControlB_46,,F6,CATTCCGA,F18,TCTGGCGA,R14,42;35
239,bir_1228_pControlB_47,,G6,CATTCCGA,F18,AGCATGGA,R15,42;36
240,bir_1228_pControlB_48,,H6,CATTCCGA,F18,TCTCGGTC,R16,42;37
241,bir_1228_pControlB_49,,A7,GATAACCT,F19,ACAGGTAT,R9,43;30
242,bir_1228_pControlB_50,,B7,GATAACCT,F19,TGTAACTC,R10,43;31
243,bir_1228_pControlB_51,,C7,GATAACCT,F19,ACCAACTG,R11,43;32
244,bir_1228_pControlB_52,,D7,GATAACCT,F19,TGCTCGAC,R12,43;33
245,bir_1228_pControlB_53,,E7,GATAACCT,F19,ACTGTATC,R13,43;34
246,bir_1228_pControlB_54,,F7,GATAACCT,F19,TCTGGCGA,R14,43;35
247,bir_1228_pControlB_55,,G7,GATAACCT,F19,AGCATGGA,R15,43;36
248,bir_1228_pControlB_56,,H7,GATAACCT,F19,TCTCGGTC,R16,43;37
249,bir_1228_pControlB_57,,A8,CAAGGCGA,F20,ACAGGTAT,R9,44;30
250,bir_1228_pControlB_58,,B8,CAAGGCGA,F20,TGTAACTC,R10,44;31
251,bir_1228_pControlB_59,,C8,CAAGGCGA,F20,ACCAACTG,R11,44;32
252,bir_1228_pControlB_60,,D8,CAAGGCGA,F20,TGCTCGAC,R12,44;33
253,bir_1228_pControlB_61,,E8,CAAGGCGA,F20,ACTGTATC,R13,44;34
254,bir_1228_pControlB_62,,F8,CAAGGCGA,F20,TCTGGCGA,R14,44;35
255,bir_1228_pControlB_63,,G8,CAAGGCGA,F20,AGCATGGA,R15,44;36
256,bir_1228_pControlB_64,,H8,CAAGGCGA,F20,TCTCGGTC,R16,44;37
257,bir_1228_pControlB_65,,A9,GACGCTAT,F21,ACAGGTAT,R9,45;30
258,bir_1228_pControlB_66,,B9,GACGCTAT,F21,TGTAACTC,R10,45;31
259,bir_1228_pControlB_67,,C9,GACGCTAT,F21,ACCAACTG,R11,45;32
260,bir_1228_pControlB_68,,D9,GACGCTAT,F21,TGCTCGAC,R12,45;33
261,bir_1228_pControlB_69,,E9,GACGCTAT,F21,ACTGTATC,R13,45;34
262,bir_1228_pControlB_70,,F9,GACGCTAT,F21,TCTGGCGA,R14,45;35
263,bir_1228_pControlB_71,,G9,GACGCTAT,F21,AGCATGGA,R15,45;36
264,bir_1228_pControlB_72,,H9,GACGCTAT,F21,TCTCGGTC,R16,45;37
265,bir_1228_pControlB_73,,A10,TTGCTGGA,F22,ACAGGTAT,R9,46;30
266,bir_1228_pControlB_74,,B10,TTGCTGGA,F22,TGTAACTC,R10,46;31
267,bir_1228_pControlB_75,,C10,TTGCTGGA,F22,ACCAACTG,R11,46;32
268,bir_1228_pControlB_76,,D10,TTGCTGGA,F22,TGCTCGAC,R12,46;33
269,bir_1228_pControlB_77,,E10,TTGCTGGA,F22,ACTGTATC,R13,46;34
270,bir_1228_pControlB_78,,F10,TTGCTGGA,F22,TCTGGCGA,R14,46;35
271,bir_1228_pControlB_79,,G10,TTGCTGGA,F22,AGCATGGA,R15,46;36
272,bir_1228_pControlB_80,,H10,TTGCTGGA,F22,TCTCGGTC,R16,46;37
273,bir_1228_pControlB_81,,A11,AACATAAT,F23,ACAGGTAT,R9,47;30
274,bir_1228_pControlB_82,,B11,AACATAAT,F23,TGTAACTC,R10,47;31
275,bir_1228_pControlB_83,,C11,AACATAAT,F23,ACCAACTG,R11,47;32
276,bir_1228_pControlB_84,,D11,AACATAAT,F23,TGCTCGAC,R12,47;33
277,bir_1228_pControlB_85,,E11,AACATAAT,F23,ACTGTATC,R13,47;34
278,bir_1228_pControlB_86,,F11,AACATAAT,F23,TCTGGCGA,R14,47;35
279,bir_1228_pControlB_87,,G11,AACATAAT,F23,AGCATGGA,R15,47;36
280,bir_1228_pControlB_88,,H11,AACATAAT,F23,TCTCGGTC,R16,47;37
281,bir_1228_pControlB_89,,A12,CCTGGATA,F24,ACAGGTAT,R9,48;30
282,bir_1228_pControlB_90,,B12,CCTGGATA,F24,TGTAACTC,R10,48;31
283,bir_1228_pControlB_91,,C12,CCTGGATA,F24,ACCAACTG,R11,48;32
284,bir_1228_pControlB_92,,D12,CCTGGATA,F24,TGCTCGAC,R12,48;33
285,bir_1228_pControlB_93,,E12,CCTGGATA,F24,ACTGTATC,R13,48;34
286,bir_1228_pControlB_94,,F12,CCTGGATA,F24,TCTGGCGA,R14,48;35
287,bir_1228_pControlB_95,,G12,CCTGGATA,F24,AGCATGGA,R15,48;36
288,bir_1228_pControlB_96,,H12,CCTGGATA,F24,TCTCGGTC,R16,48;37
289,bir_0113_pA_1,,A1,GAATTGCT,F13,CAGGAGCC,R33,29;49
290,bir_0113_pA_2,,B1,GAATTGCT,F13,GCCTAGCC,R34,29;50
291,bir_0113_pA_3,,C1,GAATTGCT,F13,CATGATCG,R35,29;51
292,bir_0113_pA_4,,D1,GAATTGCT,F13,GCCGCAAC,R36,29;52
293,bir_0113_pA_5,,E1,GAATTGCT,F13,CCAACATT,R37,29;53
294,bir_0113_pA_6,,F1,GAATTGCT,F13,GCACATCT,R38,29;54
295,bir_0113_pA_7,,G1,GAATTGCT,F13,CCAGCACC,R39,29;55
296,bir_0113_pA_8,,H1,GAATTGCT,F13,GATATCCA,R40,29;56
297,bir_0113_pA_9,,A2,TACTTGCA,F14,CAGGAGCC,R33,38;49
298,bir_0113_pA_10,,B2,TACTTGCA,F14,GCCTAGCC,R34,38;50
299,bir_0113_pA_11,,C2,TACTTGCA,F14,CATGATCG,R35,38;51
300,bir_0113_pA_12,,D2,TACTTGCA,F14,GCCGCAAC,R36,38;52
301,bir_0113_pA_13,,E2,TACTTGCA,F14,CCAACATT,R37,38;53
302,bir_0113_pA_14,,F2,TACTTGCA,F14,GCACATCT,R38,38;54
303,bir_0113_pA_15,,G2,TACTTGCA,F14,CCAGCACC,R39,38;55
304,bir_0113_pA_16,,H2,TACTTGCA,F14,GATATCCA,R40,38;56
305,bir_0113_pA_17,,A3,TAGATCCT,F15,CAGGAGCC,R33,39;49
306,bir_0113_pA_18,,B3,TAGATCCT,F15,GCCTAGCC,R34,39;50
307,bir_0113_pA_19,,C3,TAGATCCT,F15,CATGATCG,R35,39;51
308,bir_0113_pA_20,,D3,TAGATCCT,F15,GCCGCAAC,R36,39;52
309,bir_0113_pA_21,,E3,TAGATCCT,F15,CCAACATT,R37,39;53
310,bir_0113_pA_22,,F3,TAGATCCT,F15,GCACATCT,R38,39;54
311,bir_0113_pA_23,,G3,TAGATCCT,F15,CCAGCACC,R39,39;55
312,bir_0113_pA_24,,H3,TAGATCCT,F15,GATATCCA,R40,39;56
313,bir_0113_pA_25,,A4,CTTGCAGA,F16,CAGGAGCC,R33,40;49
314,bir_0113_pA_26,,B4,CTTGCAGA,F16,GCCTAGCC,R34,40;50
315,bir_0113_pA_27,,C4,CTTGCAGA,F16,CATGATCG,R35,40;51
316,bir_0113_pA_28,,D4,CTTGCAGA,F16,GCCGCAAC,R36,40;52
317,bir_0113_pA_29,,E4,CTTGCAGA,F16,CCAACATT,R37,40;53
318,bir_0113_pA_30,,F4,CTTGCAGA,F16,GCACATCT,R38,40;54
319,bir_0113_pA_31,,G4,CTTGCAGA,F16,CCAGCACC,R39,40;55
320,bir_0113_pA_32,,H4,CTTGCAGA,F16,GATATCCA,R40,40;56
321,bir_0113_pA_33,,A5,TGCGACCT,F17,CAGGAGCC,R33,41;49
322,bir_0113_pA_34,,B5,TGCGACCT,F17,GCCTAGCC,R34,41;50
323,bir_0113_pA_35,,C5,TGCGACCT,F17,CATGATCG,R35,41;51
324,bir_0113_pA_36,,D5,TGCGACCT,F17,GCCGCAAC,R36,41;52
325,bir_0113_pA_37,,E5,TGCGACCT,F17,CCAACATT,R37,41;53
326,bir_0113_pA_38,,F5,TGCGACCT,F17,GCACATCT,R38,41;54
327,bir_0113_pA_39,,G5,TGCGACCT,F17,CCAGCACC,R39,41;55
328,bir_0113_pA_40,,H5,TGCGACCT,F17,GATATCCA,R40,41;56
329,bir_0113_pA_41,,A6,CATTCCGA,F18,CAGGAGCC,R33,42;49
330,bir_0113_pA_42,,B6,CATTCCGA,F18,GCCTAGCC,R34,42;50
331,bir_0113_pA_43,,C6,CATTCCGA,F18,CATGATCG,R35,42;51
332,bir_0113_pA_44,,D6,CATTCCGA,F18,GCCGCAAC,R36,42;52
333,bir_0113_pA_45,,E6,CATTCCGA,F18,CCAACATT,R37,42;53
334,bir_0113_pA_46,,F6,CATTCCGA,F18,GCACATCT,R38,42;54
335,bir_0113_pA_47,,G6,CATTCCGA,F18,CCAGCACC,R39,42;55
336,bir_0113_pA_48,,H6,CATTCCGA,F18,GATATCCA,R40,42;56
337,bir_0113_pA_49,,A7,GATAACCT,F19,CAGGAGCC,R33,43;49
338,bir_0113_pA_50,,B7,GATAACCT,F19,GCCTAGCC,R34,43;50
339,bir_0113_pA_51,,C7,GATAACCT,F19,CATGATCG,R35,43;51
340,bir_0113_pA_52,,D7,GATAACCT,F19,GCCGCAAC,R36,43;52
341,bir_0113_pA_53,,E7,GATAACCT,F19,CCAACATT,R37,43;53
342,bir_0113_pA_54,,F7,GATAACCT,F19,GCACATCT,R38,43;54
343,bir_0113_pA_55,,G7,GATAACCT,F19,CCAGCACC,R39,43;55
344,bir_0113_pA_56,,H7,GATAACCT,F19,GATATCCA,R40,43;56
345,bir_0113_pA_57,,A8,CAAGGCGA,F20,CAGGAGCC,R33,44;49
346,bir_0113_pA_58,,B8,CAAGGCGA,F20,GCCTAGCC,R34,44;50
347,bir_0113_pA_59,,C8,CAAGGCGA,F20,CATGATCG,R35,44;51
348,bir_0113_pA_60,,D8,CAAGGCGA,F20,GCCGCAAC,R36,44;52
349,bir_0113_pA_61,,E8,CAAGGCGA,F20,CCAACATT,R37,44;53
350,bir_0113_pA_62,,F8,CAAGGCGA,F20,GCACATCT,R38,44;54
351,bir_0113_pA_63,,G8,CAAGGCGA,F20,CCAGCACC,R39,44;55
352,bir_0113_pA_64,,H8,CAAGGCGA,F20,GATATCCA,R40,44;56
353,bir_0113_pA_65,,A9,GACGCTAT,F21,CAGGAGCC,R33,45;49
354,bir_0113_pA_66,,B9,GACGCTAT,F21,GCCTAGCC,R34,45;50
355,bir_0113_pA_67,,C9,GACGCTAT,F21,CATGATCG,R35,45;51
356,bir_0113_pA_68,,D9,GACGCTAT,F21,GCCGCAAC,R36,45;52
357,bir_0113_pA_69,,E9,GACGCTAT,F21,CCAACATT,R37,45;53
358,bir_0113_pA_70,,F9,GACGCTAT,F21,GCACATCT,R38,45;54
359,bir_0113_pA_71,,G9,GACGCTAT,F21,CCAGCACC,R39,45;55
360,bir_0113_pA_72,,H9,GACGCTAT,F21,GATATCCA,R40,45;56
361,bir_0113_pA_73,,A10,TTGCTGGA,F22,CAGGAGCC,R33,46;49
362,bir_0113_pA_74,,B10,TTGCTGGA,F22,GCCTAGCC,R34,46;50
363,bir_0113_pA_75,,C10,TTGCTGGA,F22,CATGATCG,R35,46;51
364,bir_0113_pA_76,,D10,TTGCTGGA,F22,GCCGCAAC,R36,46;52
365,bir_0113_pA_77,,E10,TTGCTGGA,F22,CCAACATT,R37,46;53
366,bir_0113_pA_78,,F10,TTGCTGGA,F22,GCACATCT,R38,46;54
367,bir_0113_pA_79,,G10,TTGCTGGA,F22,CCAGCACC,R39,46;55
368,bir_0113_pA_80,,H10,TTGCTGGA,F22,GATATCCA,R40,46;56
369,bir_0113_pA_81,,A11,AACATAAT,F23,CAGGAGCC,R33,47;49
370,bir_0113_pA_82,,B11,AACATAAT,F23,GCCTAGCC,R34,47;50
371,bir_0113_pA_83,,C11,AACATAAT,F23,CATGATCG,R35,47;51
372,bir_0113_pA_84,,D11,AACATAAT,F23,GCCGCAAC,R36,47;52
373,bir_0113_pA_85,,E11,AACATAAT,F23,CCAACATT,R37,47;53
374,bir_0113_pA_86,,F11,AACATAAT,F23,GCACATCT,R38,47;54
375,bir_0113_pA_87,,G11,AACATAAT,F23,CCAGCACC,R39,47;55
376,bir_0113_pA_88,,H11,AACATAAT,F23,GATATCCA,R40,47;56
377,bir_0113_pA_89,,A12,CCTGGATA,F24,CAGGAGCC,R33,48;49
378,bir_0113_pA_90,,B12,CCTGGATA,F24,GCCTAGCC,R34,48;50
379,bir_0113_pA_91,,C12,CCTGGATA,F24,CATGATCG,R35,48;51
380,bir_0113_pA_92,,D12,CCTGGATA,F24,GCCGCAAC,R36,48;52
381,bir_0113_pA_93,,E12,CCTGGATA,F24,CCAACATT,R37,48;53
382,bir_0113_pA_94,,F12,CCTGGATA,F24,GCACATCT,R38,48;54
383,bir_0113_pA_95,,G12,CCTGGATA,F24,CCAGCACC,R39,48;55
384,bir_0113_pA_96,,H12,CCTGGATA,F24,GATATCCA,R40,48;56
385,bir_0113_pB_1,,A1,CCTAGAAT,F25,AACAATGG,R1,57;2
386,bir_0113_pB_2,,B1,CCTAGAAT,F25,TTGAGCCT,R2,57;3
387,bir_0113_pB_3,,C1,CCTAGAAT,F25,AACTTGAC,R3,57;4
388,bir_0113_pB_4,,D1,CCTAGAAT,F25,TTCGCTGA,R4,57;5
389,bir_0113_pB_5,,E1,CCTAGAAT,F25,AAGGATGT,R5,57;6
390,bir_0113_pB_6,,F1,CCTAGAAT,F25,TTACGCAC,R6,57;7
391,bir_0113_pB_7,,G1,CCTAGAAT,F25,AATGTTCT,R7,57;8
392,bir_0113_pB_8,,H1,CCTAGAAT,F25,TGTCGGAT,R8,57;9
393,bir_0113_pB_9,,A2,GTTCATTA,F26,AACAATGG,R1,58;2
394,bir_0113_pB_10,,B2,GTTCATTA,F26,TTGAGCCT,R2,58;3
395,bir_0113_pB_11,,C2,GTTCATTA,F26,AACTTGAC,R3,58;4
396,bir_0113_pB_12,,D2,GTTCATTA,F26,TTCGCTGA,R4,58;5
397,bir_0113_pB_13,,E2,GTTCATTA,F26,AAGGATGT,R5,58;6
398,bir_0113_pB_14,,F2,GTTCATTA,F26,TTACGCAC,R6,58;7
399,bir_0113_pB_15,,G2,GTTCATTA,F26,AATGTTCT,R7,58;8
400,bir_0113_pB_16,,H2,GTTCATTA,F26,TGTCGGAT,R8,58;9
401,bir_0113_pB_17,,A3,GAGAGTTG,F27,AACAATGG,R1,59;2
402,bir_0113_pB_18,,B3,GAGAGTTG,F27,TTGAGCCT,R2,59;3
403,bir_0113_pB_19,,C3,GAGAGTTG,F27,AACTTGAC,R3,59;4
404,bir_0113_pB_20,,D3,GAGAGTTG,F27,TTCGCTGA,R4,59;5
405,bir_0113_pB_21,,E3,GAGAGTTG,F27,AAGGATGT,R5,59;6
406,bir_0113_pB_22,,F3,GAGAGTTG,F27,TTACGCAC,R6,59;7
407,bir_0113_pB_23,,G3,GAGAGTTG,F27,AATGTTCT,R7,59;8
408,bir_0113_pB_24,,H3,GAGAGTTG,F27,TGTCGGAT,R8,59;9
409,bir_0113_pB_25,,A4,CATCAGAC,F28,AACAATGG,R1,60;2
410,bir_0113_pB_26,,B4,CATCAGAC,F28,TTGAGCCT,R2,60;3
411,bir_0113_pB_27,,C4,CATCAGAC,F28,AACTTGAC,R3,60;4
412,bir_0113_pB_28,,D4,CATCAGAC,F28,TTCGCTGA,R4,60;5
413,bir_0113_pB_29,,E4,CATCAGAC,F28,AAGGATGT,R5,60;6
414,bir_0113_pB_30,,F4,CATCAGAC,F28,TTACGCAC,R6,60;7
415,bir_0113_pB_31,,G4,CATCAGAC,F28,AATGTTCT,R7,60;8
416,bir_0113_pB_32,,H4,CATCAGAC,F28,TGTCGGAT,R8,60;9
417,bir_0113_pB_33,,A5,AGGATGTG,F29,AACAATGG,R1,61;2
418,bir_0113_pB_34,,B5,AGGATGTG,F29,TTGAGCCT,R2,61;3
419,bir_0113_pB_35,,C5,AGGATGTG,F29,AACTTGAC,R3,61;4
420,bir_0113_pB_36,,D5,AGGATGTG,F29,TTCGCTGA,R4,61;5
421,bir_0113_pB_37,,E5,AGGATGTG,F29,AAGGATGT,R5,61;6
422,bir_0113_pB_38,,F5,AGGATGTG,F29,TTACGCAC,R6,61;7
423,bir_0113_pB_39,,G5,AGGATGTG,F29,AATGTTCT,R7,61;8
424,bir_0113_pB_40,,H5,AGGATGTG,F29,TGTCGGAT,R8,61;9
425,bir_0113_pB_41,,A6,CTGTGGAC,F30,AACAATGG,R1,62;2
426,bir_0113_pB_42,,B6,CTGTGGAC,F30,TTGAGCCT,R2,62;3
427,bir_0113_pB_43,,C6,CTGTGGAC,F30,AACTTGAC,R3,62;4
428,bir_0113_pB_44,,D6,CTGTGGAC,F30,TTCGCTGA,R4,62;5
429,bir_0113_pB_45,,E6,CTGTGGAC,F30,AAGGATGT,R5,62;6
430,bir_0113_pB_46,,F6,CTGTGGAC,F30,TTACGCAC,R6,62;7
431,bir_0113_pB_47,,G6,CTGTGGAC,F30,AATGTTCT,R7,62;8
432,bir_0113_pB_48,,H6,CTGTGGAC,F30,TGTCGGAT,R8,62;9
433,bir_0113_pB_49,,A7,TACCGCTG,F31,AACAATGG,R1,63;2
434,bir_0113_pB_50,,B7,TACCGCTG,F31,TTGAGCCT,R2,63;3
435,bir_0113_pB_51,,C7,TACCGCTG,F31,AACTTGAC,R3,63;4
436,bir_0113_pB_52,,D7,TACCGCTG,F31,TTCGCTGA,R4,63;5
437,bir_0113_pB_53,,E7,TACCGCTG,F31,AAGGATGT,R5,63;6
438,bir_0113_pB_54,,F7,TACCGCTG,F31,TTACGCAC,R6,63;7
439,bir_0113_pB_55,,G7,TACCGCTG,F31,AATGTTCT,R7,63;8
440,bir_0113_pB_56,,H7,TACCGCTG,F31,TGTCGGAT,R8,63;9
441,bir_0113_pB_57,,A8,TGTTATAC,F32,AACAATGG,R1,64;2
442,bir_0113_pB_58,,B8,TGTTATAC,F32,TTGAGCCT,R2,64;3
443,bir_0113_pB_59,,C8,TGTTATAC,F32,AACTTGAC,R3,64;4
444,bir_0113_pB_60,,D8,TGTTATAC,F32,TTCGCTGA,R4,64;5
445,bir_0113_pB_61,,E8,TGTTATAC,F32,AAGGATGT,R5,64;6
446,bir_0113_pB_62,,F8,TGTTATAC,F32,TTACGCAC,R6,64;7
447,bir_0113_pB_63,,G8,TGTTATAC,F32,AATGTTCT,R7,64;8
448,bir_0113_pB_64,,H8,TGTTATAC,F32,TGTCGGAT,R8,64;9
449,bir_0113_pB_65,,A9,TCGCTATG,F33,AACAATGG,R1,65;2
450,bir_0113_pB_66,,B9,TCGCTATG,F33,TTGAGCCT,R2,65;3
451,bir_0113_pB_67,,C9,TCGCTATG,F33,AACTTGAC,R3,65;4
452,bir_0113_pB_68,,D9,TCGCTATG,F33,TTCGCTGA,R4,65;5
453,bir_0113_pB_69,,E9,TCGCTATG,F33,AAGGATGT,R5,65;6
454,bir_0113_pB_70,,F9,TCGCTATG,F33,TTACGCAC,R6,65;7
455,bir_0113_pB_71,,G9,TCGCTATG,F33,AATGTTCT,R7,65;8
456,bir_0113_pB_72,,H9,TCGCTATG,F33,TGTCGGAT,R8,65;9
457,bir_0113_pB_73,,A10,TCTGGACC,F34,AACAATGG,R1,66;2
458,bir_0113_pB_74,,B10,TCTGGACC,F34,TTGAGCCT,R2,66;3
459,bir_0113_pB_75,,C10,TCTGGACC,F34,AACTTGAC,R3,66;4
460,bir_0113_pB_76,,D10,TCTGGACC,F34,TTCGCTGA,R4,66;5
461,bir_0113_pB_77,,E10,TCTGGACC,F34,AAGGATGT,R5,66;6
462,bir_0113_pB_78,,F10,TCTGGACC,F34,TTACGCAC,R6,66;7
463,bir_0113_pB_79,,G10,TCTGGACC,F34,AATGTTCT,R7,66;8
464,bir_0113_pB_80,,H10,TCTGGACC,F34,TGTCGGAT,R8,66;9
465,bir_0113_pB_81,,A11,TAAGCATG,F35,AACAATGG,R1,67;2
466,bir_0113_pB_82,,B11,TAAGCATG,F35,TTGAGCCT,R2,67;3
467,bir_0113_pB_83,,C11,TAAGCATG,F35,AACTTGAC,R3,67;4
468,bir_0113_pB_84,,D11,TAAGCATG,F35,TTCGCTGA,R4,67;5
469,bir_0113_pB_85,,E11,TAAGCATG,F35,AAGGATGT,R5,67;6
470,bir_0113_pB_86,,F11,TAAGCATG,F35,TTACGCAC,R6,67;7
471,bir_0113_pB_87,,G11,TAAGCATG,F35,AATGTTCT,R7,67;8
472,bir_0113_pB_88,,H11,TAAGCATG,F35,TGTCGGAT,R8,67;9
473,bir_0113_pB_89,,A12,TCGACGGC,F36,AACAATGG,R1,68;2
474,bir_0113_pB_90,,B12,TCGACGGC,F36,TTGAGCCT,R2,68;3
475,bir_0113_pB_91,,C12,TCGACGGC,F36,AACTTGAC,R3,68;4
476,bir_0113_pB_92,,D12,TCGACGGC,F36,TTCGCTGA,R4,68;5
477,bir_0113_pB_93,,E12,TCGACGGC,F36,AAGGATGT,R5,68;6
478,bir_0113_pB_94,,F12,TCGACGGC,F36,TTACGCAC,R6,68;7
479,bir_0113_pB_95,,G12,TCGACGGC,F36,AATGTTCT,R7,68;8
480,bir_0113_pB_96,,H12,TCGACGGC,F36,TGTCGGAT,R8,68;9
481,bir_0113_pC_1,,A1,CCTAGAAT,F25,AGGTAAGG,R17,57;21
482,bir_0113_pC_2,,B1,CCTAGAAT,F25,TCGCTAGA,R18,57;22
483,bir_0113_pC_3,,C1,CCTAGAAT,F25,AGGTGCGA,R19,57;23
484,bir_0113_pC_4,,D1,CCTAGAAT,F25,TCCTTGGT,R20,57;24
485,bir_0113_pC_5,,E1,CCTAGAAT,F25,AGTTGCTT,R21,57;25
486,bir_0113_pC_6,,F1,CCTAGAAT,F25,TATCTGCC,R22,57;26
487,bir_0113_pC_7,,G1,CCTAGAAT,F25,ATTATCAA,R23,57;27
488,bir_0113_pC_8,,H1,CCTAGAAT,F25,TACTTAGC,R24,57;28
489,bir_0113_pC_9,,A2,GTTCATTA,F26,AGGTAAGG,R17,58;21
490,bir_0113_pC_10,,B2,GTTCATTA,F26,TCGCTAGA,R18,58;22
491,bir_0113_pC_11,,C2,GTTCATTA,F26,AGGTGCGA,R19,58;23
492,bir_0113_pC_12,,D2,GTTCATTA,F26,TCCTTGGT,R20,58;24
493,bir_0113_pC_13,,E2,GTTCATTA,F26,AGTTGCTT,R21,58;25
494,bir_0113_pC_14,,F2,GTTCATTA,F26,TATCTGCC,R22,58;26
495,bir_0113_pC_15,,G2,GTTCATTA,F26,ATTATCAA,R23,58;27
496,bir_0113_pC_16,,H2,GTTCATTA,F26,TACTTAGC,R24,58;28
497,bir_0113_pC_17,,A3,GAGAGTTG,F27,AGGTAAGG,R17,59;21
498,bir_0113_pC_18,,B3,GAGAGTTG,F27,TCGCTAGA,R18,59;22
499,bir_0113_pC_19,,C3,GAGAGTTG,F27,AGGTGCGA,R19,59;23
500,bir_0113_pC_20,,D3,GAGAGTTG,F27,TCCTTGGT,R20,59;24
501,bir_0113_pC_21,,E3,GAGAGTTG,F27,AGTTGCTT,R21,59;25
502,bir_0113_pC_22,,F3,GAGAGTTG,F27,TATCTGCC,R22,59;26
503,bir_0113_pC_23,,G3,GAGAGTTG,F27,ATTATCAA,R23,59;27
504,bir_0113_pC_24,,H3,GAGAGTTG,F27,TACTTAGC,R24,59;28
505,bir_0113_pC_25,,A4,CATCAGAC,F28,AGGTAAGG,R17,60;21
506,bir_0113_pC_26,,B4,CATCAGAC,F28,TCGCTAGA,R18,60;22
507,bir_0113_pC_27,,C4,CATCAGAC,F28,AGGTGCGA,R19,60;23
508,bir_0113_pC_28,,D4,CATCAGAC,F28,TCCTTGGT,R20,60;24
509,bir_0113_pC_29,,E4,CATCAGAC,F28,AGTTGCTT,R21,60;25
510,bir_0113_pC_30,,F4,CATCAGAC,F28,TATCTGCC,R22,60;26
511,bir_0113_pC_31,,G4,CATCAGAC,F28,ATTATCAA,R23,60;27
512,bir_0113_pC_32,,H4,CATCAGAC,F28,TACTTAGC,R24,60;28
513,bir_0113_pC_33,,A5,AGGATGTG,F29,AGGTAAGG,R17,61;21
514,bir_0113_pC_34,,B5,AGGATGTG,F29,TCGCTAGA,R18,61;22
515,bir_0113_pC_35,,C5,AGGATGTG,F29,AGGTGCGA,R19,61;23
516,bir_0113_pC_36,,D5,AGGATGTG,F29,TCCTTGGT,R20,61;24
517,bir_0113_pC_37,,E5,AGGATGTG,F29,AGTTGCTT,R21,61;25
518,bir_0113_pC_38,,F5,AGGATGTG,F29,TATCTGCC,R22,61;26
519,bir_0113_pC_39,,G5,AGGATGTG,F29,ATTATCAA,R23,61;27
520,bir_0113_pC_40,,H5,AGGATGTG,F29,TACTTAGC,R24,61;28
521,bir_0113_pC_41,,A6,CTGTGGAC,F30,AGGTAAGG,R17,62;21
522,bir_0113_pC_42,,B6,CTGTGGAC,F30,TCGCTAGA,R18,62;22
523,bir_0113_pC_43,,C6,CTGTGGAC,F30,AGGTGCGA,R19,62;23
524,bir_0113_pC_44,,D6,CTGTGGAC,F30,TCCTTGGT,R20,62;24
525,bir_0113_pC_45,,E6,CTGTGGAC,F30,AGTTGCTT,R21,62;25
526,bir_0113_pC_46,,F6,CTGTGGAC,F30,TATCTGCC,R22,62;26
527,bir_0113_pC_47,,G6,CTGTGGAC,F30,ATTATCAA,R23,62;27
528,bir_0113_pC_48,,H6,CTGTGGAC,F30,TACTTAGC,R24,62;28
529,bir_0113_pC_49,,A7,TACCGCTG,F31,AGGTAAGG,R17,63;21
530,bir_0113_pC_50,,B7,TACCGCTG,F31,TCGCTAGA,R18,63;22
531,bir_0113_pC_51,,C7,TACCGCTG,F31,AGGTGCGA,R19,63;23
532,bir_0113_pC_52,,D7,TACCGCTG,F31,TCCTTGGT,R20,63;24
533,bir_0113_pC_53,,E7,TACCGCTG,F31,AGTTGCTT,R21,63;25
534,bir_0113_pC_54,,F7,TACCGCTG,F31,TATCTGCC,R22,63;26
535,bir_0113_pC_55,,G7,TACCGCTG,F31,ATTATCAA,R23,63;27
536,bir_0113_pC_56,,H7,TACCGCTG,F31,TACTTAGC,R24,63;28
537,bir_0113_pC_57,,A8,TGTTATAC,F32,AGGTAAGG,R17,64;21
538,bir_0113_pC_58,,B8,TGTTATAC,F32,TCGCTAGA,R18,64;22
539,bir_0113_pC_59,,C8,TGTTATAC,F32,AGGTGCGA,R19,64;23
540,bir_0113_pC_60,,D8,TGTTATAC,F32,TCCTTGGT,R20,64;24
541,bir_0113_pC_61,,E8,TGTTATAC,F32,AGTTGCTT,R21,64;25
542,bir_0113_pC_62,,F8,TGTTATAC,F32,TATCTGCC,R22,64;26
543,bir_0113_pC_63,,G8,TGTTATAC,F32,ATTATCAA,R23,64;27
544,bir_0113_pC_64,,H8,TGTTATAC,F32,TACTTAGC,R24,64;28
545,bir_0113_pC_65,,A9,TCGCTATG,F33,AGGTAAGG,R17,65;21
546,bir_0113_pC_66,,B9,TCGCTATG,F33,TCGCTAGA,R18,65;22
547,bir_0113_pC_67,,C9,TCGCTATG,F33,AGGTGCGA,R19,65;23
548,bir_0113_pC_68,,D9,TCGCTATG,F33,TCCTTGGT,R20,65;24
549,bir_0113_pC_69,,E9,TCGCTATG,F33,AGTTGCTT,R21,65;25
550,bir_0113_pC_70,,F9,TCGCTATG,F33,TATCTGCC,R22,65;26
551,bir_0113_pC_71,,G9,TCGCTATG,F33,ATTATCAA,R23,65;27
552,bir_0113_pC_72,,H9,TCGCTATG,F33,TACTTAGC,R24,65;28
553,bir_0113_pC_73,,A10,TCTGGACC,F34,AGGTAAGG,R17,66;21
554,bir_0113_pC_74,,B10,TCTGGACC,F34,TCGCTAGA,R18,66;22
555,bir_0113_pC_75,,C10,TCTGGACC,F34,AGGTGCGA,R19,66;23
556,bir_0113_pC_76,,D10,TCTGGACC,F34,TCCTTGGT,R20,66;24
557,bir_0113_pC_77,,E10,TCTGGACC,F34,AGTTGCTT,R21,66;25
558,bir_0113_pC_78,,F10,TCTGGACC,F34,TATCTGCC,R22,66;26
559,bir_0113_pC_79,,G10,TCTGGACC,F34,ATTATCAA,R23,66;27
560,bir_0113_pC_80,,H10,TCTGGACC,F34,TACTTAGC,R24,66;28
561,bir_0113_pC_81,,A11,TAAGCATG,F35,AGGTAAGG,R17,67;21
562,bir_0113_pC_82,,B11,TAAGCATG,F35,TCGCTAGA,R18,67;22
563,bir_0113_pC_83,,C11,TAAGCATG,F35,AGGTGCGA,R19,67;23
564,bir_0113_pC_84,,D11,TAAGCATG,F35,TCCTTGGT,R20,67;24
565,bir_0113_pC_85,,E11,TAAGCATG,F35,AGTTGCTT,R21,67;25
566,bir_0113_pC_86,,F11,TAAGCATG,F35,TATCTGCC,R22,67;26
567,bir_0113_pC_87,,G11,TAAGCATG,F35,ATTATCAA,R23,67;27
568,bir_0113_pC_88,,H11,TAAGCATG,F35,TACTTAGC,R24,67;28
569,bir_0113_pC_89,,A12,TCGACGGC,F36,AGGTAAGG,R17,68;21
570,bir_0113_pC_90,,B12,TCGACGGC,F36,TCGCTAGA,R18,68;22
571,bir_0113_pC_91,,C12,TCGACGGC,F36,AGGTGCGA,R19,68;23
572,bir_0113_pC_92,,D12,TCGACGGC,F36,TCCTTGGT,R20,68;24
573,bir_0113_pC_93,,E12,TCGACGGC,F36,AGTTGCTT,R21,68;25
574,bir_0113_pC_94,,F12,TCGACGGC,F36,TATCTGCC,R22,68;26
575,bir_0113_pC_95,,G12,TCGACGGC,F36,ATTATCAA,R23,68;27
576,bir_0113_pC_96,,H12,TCGACGGC,F36,TACTTAGC,R24,68;28
577,bir_0120_pD_1,,A1,GAATTGCT,F13,ATTCCTCT,R25,29;69
578,bir_0120_pD_2,,B1,GAATTGCT,F13,TAAGCACA,R26,29;70
579,bir_0120_pD_3,,C1,GAATTGCT,F13,ATTGTCTG,R27,29;71
580,bir_0120_pD_4,,D1,GAATTGCT,F13,GTCGCCTT,R28,29;72
581,bir_0120_pD_5,,E1,GAATTGCT,F13,CAATAGTC,R29,29;73
582,bir_0120_pD_6,,F1,GAATTGCT,F13,GTCATCTA,R30,29;74
583,bir_0120_pD_7,,G1,GAATTGCT,F13,CAGCAAGG,R31,29;75
584,bir_0120_pD_8,,H1,GAATTGCT,F13,GTAACATC,R32,29;76
585,bir_0120_pD_9,,A2,TACTTGCA,F14,ATTCCTCT,R25,38;69
586,bir_0120_pD_10,,B2,TACTTGCA,F14,TAAGCACA,R26,38;70
587,bir_0120_pD_11,,C2,TACTTGCA,F14,ATTGTCTG,R27,38;71
588,bir_0120_pD_12,,D2,TACTTGCA,F14,GTCGCCTT,R28,38;72
589,bir_0120_pD_13,,E2,TACTTGCA,F14,CAATAGTC,R29,38;73
590,bir_0120_pD_14,,F2,TACTTGCA,F14,GTCATCTA,R30,38;74
591,bir_0120_pD_15,,G2,TACTTGCA,F14,CAGCAAGG,R31,38;75
592,bir_0120_pD_16,,H2,TACTTGCA,F14,GTAACATC,R32,38;76
593,bir_0120_pD_17,,A3,TAGATCCT,F15,ATTCCTCT,R25,39;69
594,bir_0120_pD_18,,B3,TAGATCCT,F15,TAAGCACA,R26,39;70
595,bir_0120_pD_19,,C3,TAGATCCT,F15,ATTGTCTG,R27,39;71
596,bir_0120_pD_20,,D3,TAGATCCT,F15,GTCGCCTT,R28,39;72
597,bir_0120_pD_21,,E3,TAGATCCT,F15,CAATAGTC,R29,39;73
598,bir_0120_pD_22,,F3,TAGATCCT,F15,GTCATCTA,R30,39;74
599,bir_0120_pD_23,,G3,TAGATCCT,F15,CAGCAAGG,R31,39;75
600,bir_0120_pD_24,,H3,TAGATCCT,F15,GTAACATC,R32,39;76
601,bir_0120_pD_25,,A4,CTTGCAGA,F16,ATTCCTCT,R25,40;69
602,bir_0120_pD_26,,B4,CTTGCAGA,F16,TAAGCACA,R26,40;70
603,bir_0120_pD_27,,C4,CTTGCAGA,F16,ATTGTCTG,R27,40;71
604,bir_0120_pD_28,,D4,CTTGCAGA,F16,GTCGCCTT,R28,40;72
605,bir_0120_pD_29,,E4,CTTGCAGA,F16,CAATAGTC,R29,40;73
606,bir_0120_pD_30,,F4,CTTGCAGA,F16,GTCATCTA,R30,40;74
607,bir_0120_pD_31,,G4,CTTGCAGA,F16,CAGCAAGG,R31,40;75
608,bir_0120_pD_32,,H4,CTTGCAGA,F16,GTAACATC,R32,40;76
609,bir_0120_pD_33,,A5,TGCGACCT,F17,ATTCCTCT,R25,41;69
610,bir_0120_pD_34,,B5,TGCGACCT,F17,TAAGCACA,R26,41;70
611,bir_0120_pD_35,,C5,TGCGACCT,F17,ATTGTCTG,R27,41;71
612,bir_0120_pD_36,,D5,TGCGACCT,F17,GTCGCCTT,R28,41;72
613,bir_0120_pD_37,,E5,TGCGACCT,F17,CAATAGTC,R29,41;73
614,bir_0120_pD_38,,F5,TGCGACCT,F17,GTCATCTA,R30,41;74
615,bir_0120_pD_39,,G5,TGCGACCT,F17,CAGCAAGG,R31,41;75
616,bir_0120_pD_40,,H5,TGCGACCT,F17,GTAACATC,R32,41;76
617,bir_0120_pD_41,,A6,CATTCCGA,F18,ATTCCTCT,R25,42;69
618,bir_0120_pD_42,,B6,CATTCCGA,F18,TAAGCACA,R26,42;70
619,bir_0120_pD_43,,C6,CATTCCGA,F18,ATTGTCTG,R27,42;71
620,bir_0120_pD_44,,D6,CATTCCGA,F18,GTCGCCTT,R28,42;72
621,bir_0120_pD_45,,E6,CATTCCGA,F18,CAATAGTC,R29,42;73
622,bir_0120_pD_46,,F6,CATTCCGA,F18,GTCATCTA,R30,42;74
623,bir_0120_pD_47,,G6,CATTCCGA,F18,CAGCAAGG,R31,42;75
624,bir_0120_pD_48,,H6,CATTCCGA,F18,GTAACATC,R32,42;76
625,bir_0120_pD_49,,A7,GATAACCT,F19,ATTCCTCT,R25,43;69
626,bir_0120_pD_50,,B7,GATAACCT,F19,TAAGCACA,R26,43;70
627,bir_0120_pD_51,,C7,GATAACCT,F19,ATTGTCTG,R27,43;71
628,bir_0120_pD_52,,D7,GATAACCT,F19,GTCGCCTT,R28,43;72
629,bir_0120_pD_53,,E7,GATAACCT,F19,CAATAGTC,R29,43;73
630,bir_0120_pD_54,,F7,GATAACCT,F19,GTCATCTA,R30,43;74
631,bir_0120_pD_55,,G7,GATAACCT,F19,CAGCAAGG,R31,43;75
632,bir_0120_pD_56,,H7,GATAACCT,F19,GTAACATC,R32,43;76
633,bir_0120_pD_57,,A8,CAAGGCGA,F20,ATTCCTCT,R25,44;69
634,bir_0120_pD_58,,B8,CAAGGCGA,F20,TAAGCACA,R26,44;70
635,bir_0120_pD_59,,C8,CAAGGCGA,F20,ATTGTCTG,R27,44;71
636,bir_0120_pD_60,,D8,CAAGGCGA,F20,GTCGCCTT,R28,44;72
637,bir_0120_pD_61,,E8,CAAGGCGA,F20,CAATAGTC,R29,44;73
638,bir_0120_pD_62,,F8,CAAGGCGA,F20,GTCATCTA,R30,44;74
639,bir_0120_pD_63,,G8,CAAGGCGA,F20,CAGCAAGG,R31,44;75
640,bir_0120_pD_64,,H8,CAAGGCGA,F20,GTAACATC,R32,44;76
641,bir_0120_pD_65,,A9,GACGCTAT,F21,ATTCCTCT,R25,45;69
642,bir_0120_pD_66,,B9,GACGCTAT,F21,TAAGCACA,R26,45;70
643,bir_0120_pD_67,,C9,GACGCTAT,F21,ATTGTCTG,R27,45;71
644,bir_0120_pD_68,,D9,GACGCTAT,F21,GTCGCCTT,R28,45;72
645,bir_0120_pD_69,,E9,GACGCTAT,F21,CAATAGTC,R29,45;73
646,bir_0120_pD_70,,F9,GACGCTAT,F21,GTCATCTA,R30,45;74
647,bir_0120_pD_71,,G9,GACGCTAT,F21,CAGCAAGG,R31,45;75
648,bir_0120_pD_72,,H9,GACGCTAT,F21,GTAACATC,R32,45;76
649,bir_0120_pD_73,,A10,TTGCTGGA,F22,ATTCCTCT,R25,46;69
650,bir_0120_pD_74,,B10,TTGCTGGA,F22,TAAGCACA,R26,46;70
651,bir_0120_pD_75,,C10,TTGCTGGA,F22,ATTGTCTG,R27,46;71
652,bir_0120_pD_76,,D10,TTGCTGGA,F22,GTCGCCTT,R28,46;72
653,bir_0120_pD_77,,E10,TTGCTGGA,F22,CAATAGTC,R29,46;73
654,bir_0120_pD_78,,F10,TTGCTGGA,F22,GTCATCTA,R30,46;74
655,bir_0120_pD_79,,G10,TTGCTGGA,F22,CAGCAAGG,R31,46;75
656,bir_0120_pD_80,,H10,TTGCTGGA,F22,GTAACATC,R32,46;76
657,bir_0120_pD_81,,A11,AACATAAT,F23,ATTCCTCT,R25,47;69
658,bir_0120_pD_82,,B11,AACATAAT,F23,TAAGCACA,R26,47;70
659,bir_0120_pD_83,,C11,AACATAAT,F23,ATTGTCTG,R27,47;71
660,bir_0120_pD_84,,D11,AACATAAT,F23,GTCGCCTT,R28,47;72
661,bir_0120_pD_85,,E11,AACATAAT,F23,CAATAGTC,R29,47;73
662,bir_0120_pD_86,,F11,AACATAAT,F23,GTCATCTA,R30,47;74
663,bir_0120_pD_87,,G11,AACATAAT,F23,CAGCAAGG,R31,47;75
664,bir_0120_pD_88,,H11,AACATAAT,F23,GTAACATC,R32,47;76
665,bir_0120_pD_89,,A12,CCTGGATA,F24,ATTCCTCT,R25,48;69
666,bir_0120_pD_90,,B12,CCTGGATA,F24,TAAGCACA,R26,48;70
667,bir_0120_pD_91,,C12,CCTGGATA,F24,ATTGTCTG,R27,48;71
668,bir_0120_pD_92,,D12,CCTGGATA,F24,GTCGCCTT,R28,48;72
669,bir_0120_pD_93,,E12,CCTGGATA,F24,CAATAGTC,R29,48;73
670,bir_0120_pD_94,,F12,CCTGGATA,F24,GTCATCTA,R30,48;74
671,bir_0120_pD_95,,G12,CCTGGATA,F24,CAGCAAGG,R31,48;75
672,bir_0120_pD_96,,H12,CCTGGATA,F24,GTAACATC,R32,48;76
673,bir_0120_pE_1,,A1,AGCTCTGG,F37,ACAGGTAT,R9,77;30
674,bir_0120_pE_2,,B1,AGCTCTGG,F37,TGTAACTC,R10,77;31
675,bir_0120_pE_3,,C1,AGCTCTGG,F37,ACCAACTG,R11,77;32
676,bir_0120_pE_4,,D1,AGCTCTGG,F37,TGCTCGAC,R12,77;33
677,bir_0120_pE_5,,E1,AGCTCTGG,F37,ACTGTATC,R13,77;34
678,bir_0120_pE_6,,F1,AGCTCTGG,F37,TCTGGCGA,R14,77;35
679,bir_0120_pE_7,,G1,AGCTCTGG,F37,AGCATGGA,R15,77;36
680,bir_0120_pE_8,,H1,AGCTCTGG,F37,TCTCGGTC,R16,77;37
681,bir_0120_pE_9,,A2,ACGGCTGC,F38,ACAGGTAT,R9,78;30
682,bir_0120_pE_10,,B2,ACGGCTGC,F38,TGTAACTC,R10,78;31
683,bir_0120_pE_11,,C2,ACGGCTGC,F38,ACCAACTG,R11,78;32
684,bir_0120_pE_12,,D2,ACGGCTGC,F38,TGCTCGAC,R12,78;33
685,bir_0120_pE_13,,E2,ACGGCTGC,F38,ACTGTATC,R13,78;34
686,bir_0120_pE_14,,F2,ACGGCTGC,F38,TCTGGCGA,R14,78;35
687,bir_0120_pE_15,,G2,ACGGCTGC,F38,AGCATGGA,R15,78;36
688,bir_0120_pE_16,,H2,ACGGCTGC,F38,TCTCGGTC,R16,78;37
689,bir_0120_pE_17,,A3,CTAACTGG,F39,ACAGGTAT,R9,79;30
690,bir_0120_pE_18,,B3,CTAACTGG,F39,TGTAACTC,R10,79;31
691,bir_0120_pE_19,,C3,CTAACTGG,F39,ACCAACTG,R11,79;32
692,bir_0120_pE_20,,D3,CTAACTGG,F39,TGCTCGAC,R12,79;33
693,bir_0120_pE_21,,E3,CTAACTGG,F39,ACTGTATC,R13,79;34
694,bir_0120_pE_22,,F3,CTAACTGG,F39,TCTGGCGA,R14,79;35
695,bir_0120_pE_23,,G3,CTAACTGG,F39,AGCATGGA,R15,79;36
696,bir_0120_pE_24,,H3,CTAACTGG,F39,TCTCGGTC,R16,79;37
697,bir_0120_pE_25,,A4,TCGTGTGC,F40,ACAGGTAT,R9,80;30
698,bir_0120_pE_26,,B4,TCGTGTGC,F40,TGTAACTC,R10,80;31
699,bir_0120_pE_27,,C4,TCGTGTGC,F40,ACCAACTG,R11,80;32
700,bir_0120_pE_28,,D4,TCGTGTGC,F40,TGCTCGAC,R12,80;33
701,bir_0120_pE_29,,E4,TCGTGTGC,F40,ACTGTATC,R13,80;34
702,bir_0120_pE_30,,F4,TCGTGTGC,F40,TCTGGCGA,R14,80;35
703,bir_0120_pE_31,,G4,TCGTGTGC,F40,AGCATGGA,R15,80;36
704,bir_0120_pE_32,,H4,TCGTGTGC,F40,TCTCGGTC,R16,80;37
705,bir_0120_pE_33,,A5,GGCATAGG,F41,ACAGGTAT,R9,81;30
706,bir_0120_pE_34,,B5,GGCATAGG,F41,TGTAACTC,R10,81;31
707,bir_0120_pE_35,,C5,GGCATAGG,F41,ACCAACTG,R11,81;32
708,bir_0120_pE_36,,D5,GGCATAGG,F41,TGCTCGAC,R12,81;33
709,bir_0120_pE_37,,E5,GGCATAGG,F41,ACTGTATC,R13,81;34
710,bir_0120_pE_38,,F5,GGCATAGG,F41,TCTGGCGA,R14,81;35
711,bir_0120_pE_39,,G5,GGCATAGG,F41,AGCATGGA,R15,81;36
712,bir_0120_pE_40,,H5,GGCATAGG,F41,TCTCGGTC,R16,81;37
713,bir_0120_pE_41,,A6,GTTAGGTC,F42,ACAGGTAT,R9,82;30
714,bir_0120_pE_42,,B6,GTTAGGTC,F42,TGTAACTC,R10,82;31
715,bir_0120_pE_43,,C6,GTTAGGTC,F42,ACCAACTG,R11,82;32
716,bir_0120_pE_44,,D6,GTTAGGTC,F42,TGCTCGAC,R12,82;33
717,bir_0120_pE_45,,E6,GTTAGGTC,F42,ACTGTATC,R13,82;34
718,bir_0120_pE_46,,F6,GTTAGGTC,F42,TCTGGCGA,R14,82;35
719,bir_0120_pE_47,,G6,GTTAGGTC,F42,AGCATGGA,R15,82;36
720,bir_0120_pE_48,,H6,GTTAGGTC,F42,TCTCGGTC,R16,82;37
721,bir_0120_pE_49,,A7,GGAAGGCG,F43,ACAGGTAT,R9,83;30
722,bir_0120_pE_50,,B7,GGAAGGCG,F43,TGTAACTC,R10,83;31
723,bir_0120_pE_51,,C7,GGAAGGCG,F43,ACCAACTG,R11,83;32
724,bir_0120_pE_52,,D7,GGAAGGCG,F43,TGCTCGAC,R12,83;33
725,bir_0120_pE_53,,E7,GGAAGGCG,F43,ACTGTATC,R13,83;34
726,bir_0120_pE_54,,F7,GGAAGGCG,F43,TCTGGCGA,R14,83;35
727,bir_0120_pE_55,,G7,GGAAGGCG,F43,AGCATGGA,R15,83;36
728,bir_0120_pE_56,,H7,GGAAGGCG,F43,TCTCGGTC,R16,83;37
729,bir_0120_pE_57,,A8,TCCTGGTC,F44,ACAGGTAT,R9,84;30
730,bir_0120_pE_58,,B8,TCCTGGTC,F44,TGTAACTC,R10,84;31
731,bir_0120_pE_59,,C8,TCCTGGTC,F44,ACCAACTG,R11,84;32
732,bir_0120_pE_60,,D8,TCCTGGTC,F44,TGCTCGAC,R12,84;33
733,bir_0120_pE_61,,E8,TCCTGGTC,F44,ACTGTATC,R13,84;34
734,bir_0120_pE_62,,F8,TCCTGGTC,F44,TCTGGCGA,R14,84;35
735,bir_0120_pE_63,,G8,TCCTGGTC,F44,AGCATGGA,R15,84;36
736,bir_0120_pE_64,,H8,TCCTGGTC,F44,TCTCGGTC,R16,84;37
737,bir_0120_pE_65,,A9,ACATAGCG,F45,ACAGGTAT,R9,85;30
738,bir_0120_pE_66,,B9,ACATAGCG,F45,TGTAACTC,R10,85;31
739,bir_0120_pE_67,,C9,ACATAGCG,F45,ACCAACTG,R11,85;32
740,bir_0120_pE_68,,D9,ACATAGCG,F45,TGCTCGAC,R12,85;33
741,bir_0120_pE_69,,E9,ACATAGCG,F45,ACTGTATC,R13,85;34
742,bir_0120_pE_70,,F9,ACATAGCG,F45,TCTGGCGA,R14,85;35
743,bir_0120_pE_71,,G9,ACATAGCG,F45,AGCATGGA,R15,85;36
744,bir_0120_pE_72,,H9,ACATAGCG,F45,TCTCGGTC,R16,85;37
745,bir_0120_pE_73,,A10,CTTCCTTC,F46,ACAGGTAT,R9,86;30
746,bir_0120_pE_74,,B10,CTTCCTTC,F46,TGTAACTC,R10,86;31
747,bir_0120_pE_75,,C10,CTTCCTTC,F46,ACCAACTG,R11,86;32
748,bir_0120_pE_76,,D10,CTTCCTTC,F46,TGCTCGAC,R12,86;33
749,bir_0120_pE_77,,E10,CTTCCTTC,F46,ACTGTATC,R13,86;34
750,bir_0120_pE_78,,F10,CTTCCTTC,F46,TCTGGCGA,R14,86;35
751,bir_0120_pE_79,,G10,CTTCCTTC,F46,AGCATGGA,R15,86;36
752,bir_0120_pE_80,,H10,CTTCCTTC,F46,TCTCGGTC,R16,86;37
753,bir_0120_pE_81,,A11,CGAGTTAG,F47,ACAGGTAT,R9,87;30
754,bir_0120_pE_82,,B11,CGAGTTAG,F47,TGTAACTC,R10,87;31
755,bir_0120_pE_83,,C11,CGAGTTAG,F47,ACCAACTG,R11,87;32
756,bir_0120_pE_84,,D11,CGAGTTAG,F47,TGCTCGAC,R12,87;33
757,bir_0120_pE_85,,E11,CGAGTTAG,F47,ACTGTATC,R13,87;34
758,bir_0120_pE_86,,F11,CGAGTTAG,F47,TCTGGCGA,R14,87;35
759,bir_0120_pE_87,,G11,CGAGTTAG,F47,AGCATGGA,R15,87;36
760,bir_0120_pE_88,,H11,CGAGTTAG,F47,TCTCGGTC,R16,87;37
761,bir_0120_pE_89,,A12,CTAGGTTC,F48,ACAGGTAT,R9,88;30
762,bir_0120_pE_90,,B12,CTAGGTTC,F48,TGTAACTC,R10,88;31
763,bir_0120_pE_91,,C12,CTAGGTTC,F48,ACCAACTG,R11,88;32
764,bir_0120_pE_92,,D12,CTAGGTTC,F48,TGCTCGAC,R12,88;33
765,bir_0120_pE_93,,E12,CTAGGTTC,F48,ACTGTATC,R13,88;34
766,bir_0120_pE_94,,F12,CTAGGTTC,F48,TCTGGCGA,R14,88;35
767,bir_0120_pE_95,,G12,CTAGGTTC,F48,AGCATGGA,R15,88;36
768,bir_0120_pE_96,,H12,CTAGGTTC,F48,TCTCGGTC,R16,88;37
