Sample_ID,Sample_Name,Sample_Plate,Sample_Well,index,I7_Index_ID,index2,I5_Index_ID
1,bir_1228_pA_1,,A1,AATGCGTT,F1,AACAATGG,R1
2,bir_1228_pA_2,,B1,AATGCGTT,F1,TTGAGCCT,R2
3,bir_1228_pA_3,,C1,AATGCGTT,F1,AACTTGAC,R3
4,bir_1228_pA_4,,D1,AATGCGTT,F1,TTCGCTGA,R4
5,bir_1228_pA_5,,E1,AATGCGTT,F1,AAGGATGT,R5
6,bir_1228_pA_6,,F1,AATGCGTT,F1,TTACGCAC,R6
7,bir_1228_pA_7,,G1,AATGCGTT,F1,AATGTTCT,R7
8,bir_1228_pA_8,,H1,AATGCGTT,F1,TGTCGGAT,R8
9,bir_1228_pA_9,,A2,ATAGACAA,F2,AACAATGG,R1
10,bir_1228_pA_10,,B2,ATAGACAA,F2,TTGAGCCT,R2
11,bir_1228_pA_11,,C2,ATAGACAA,F2,AACTTGAC,R3
12,bir_1228_pA_12,,D2,ATAGACAA,F2,TTCGCTGA,R4
13,bir_1228_pA_13,,E2,ATAGACAA,F2,AAGGATGT,R5
14,bir_1228_pA_14,,F2,ATAGACAA,F2,TTACGCAC,R6
15,bir_1228_pA_15,,G2,ATAGACAA,F2,AATGTTCT,R7
16,bir_1228_pA_16,,H2,ATAGACAA,F2,TGTCGGAT,R8
17,bir_1228_pA_17,,A3,AGTGTCTT,F3,AACAATGG,R1
18,bir_1228_pA_18,,B3,AGTGTCTT,F3,TTGAGCCT,R2
19,bir_1228_pA_19,,C3,AGTGTCTT,F3,AACTTGAC,R3
20,bir_1228_pA_20,,D3,AGTGTCTT,F3,TTCGCTGA,R4
21,bir_1228_pA_21,,E3,AGTGTCTT,F3,AAGGATGT,R5
22,bir_1228_pA_22,,F3,AGTGTCTT,F3,TTACGCAC,R6
23,bir_1228_pA_23,,G3,AGTGTCTT,F3,AATGTTCT,R7
24,bir_1228_pA_24,,H3,AGTGTCTT,F3,TGTCGGAT,R8
25,bir_1228_pA_25,,A4,CTATTCAA,F4,AACAATGG,R1
26,bir_1228_pA_26,,B4,CTATTCAA,F4,TTGAGCCT,R2
27,bir_1228_pA_27,,C4,CTATTCAA,F4,AACTTGAC,R3
28,bir_1228_pA_28,,D4,CTATTCAA,F4,TTCGCTGA,R4
29,bir_1228_pA_29,,E4,CTATTCAA,F4,AAGGATGT,R5
30,bir_1228_pA_30,,F4,CTATTCAA,F4,TTACGCAC,R6
31,bir_1228_pA_31,,G4,CTATTCAA,F4,AATGTTCT,R7
32,bir_1228_pA_32,,H4,CTATTCAA,F4,TGTCGGAT,R8
33,bir_1228_pA_33,,A5,CTCTACTT,F5,AACAATGG,R1
34,bir_1228_pA_34,,B5,CTCTACTT,F5,TTGAGCCT,R2
35,bir_1228_pA_35,,C5,CTCTACTT,F5,AACTTGAC,R3
36,bir_1228_pA_36,,D5,CTCTACTT,F5,TTCGCTGA,R4
37,bir_1228_pA_37,,E5,CTCTACTT,F5,AAGGATGT,R5
38,bir_1228_pA_38,,F5,CTCTACTT,F5,TTACGCAC,R6
39,bir_1228_pA_39,,G5,CTCTACTT,F5,AATGTTCT,R7
40,bir_1228_pA_40,,H5,CTCTACTT,F5,TGTCGGAT,R8
41,bir_1228_pA_41,,A6,AGATATAA,F6,AACAATGG,R1
42,bir_1228_pA_42,,B6,AGATATAA,F6,TTGAGCCT,R2
43,bir_1228_pA_43,,C6,AGATATAA,F6,AACTTGAC,R3
44,bir_1228_pA_44,,D6,AGATATAA,F6,TTCGCTGA,R4
45,bir_1228_pA_45,,E6,AGATATAA,F6,AAGGATGT,R5
46,bir_1228_pA_46,,F6,AGATATAA,F6,TTACGCAC,R6
47,bir_1228_pA_47,,G6,AGATATAA,F6,AATGTTCT,R7
48,bir_1228_pA_48,,H6,AGATATAA,F6,TGTCGGAT,R8
49,bir_1228_pA_49,,A7,GATCGTGT,F7,AACAATGG,R1
50,bir_1228_pA_50,,B7,GATCGTGT,F7,TTGAGCCT,R2
51,bir_1228_pA_51,,C7,GATCGTGT,F7,AACTTGAC,R3
52,bir_1228_pA_52,,D7,GATCGTGT,F7,TTCGCTGA,R4
53,bir_1228_pA_53,,E7,GATCGTGT,F7,AAGGATGT,R5
54,bir_1228_pA_54,,F7,GATCGTGT,F7,TTACGCAC,R6
55,bir_1228_pA_55,,G7,GATCGTGT,F7,AATGTTCT,R7
56,bir_1228_pA_56,,H7,GATCGTGT,F7,TGTCGGAT,R8
57,bir_1228_pA_57,,A8,CTGATTAA,F8,AACAATGG,R1
58,bir_1228_pA_58,,B8,CTGATTAA,F8,TTGAGCCT,R2
59,bir_1228_pA_59,,C8,CTGATTAA,F8,AACTTGAC,R3
60,bir_1228_pA_60,,D8,CTGATTAA,F8,TTCGCTGA,R4
61,bir_1228_pA_61,,E8,CTGATTAA,F8,AAGGATGT,R5
62,bir_1228_pA_62,,F8,CTGATTAA,F8,TTACGCAC,R6
63,bir_1228_pA_63,,G8,CTGATTAA,F8,AATGTTCT,R7
64,bir_1228_pA_64,,H8,CTGATTAA,F8,TGTCGGAT,R8
65,bir_1228_pA_65,,A9,TCAACTGT,F9,AACAATGG,R1
66,bir_1228_pA_66,,B9,TCAACTGT,F9,TTGAGCCT,R2
67,bir_1228_pA_67,,C9,TCAACTGT,F9,AACTTGAC,R3
68,bir_1228_pA_68,,D9,TCAACTGT,F9,TTCGCTGA,R4
69,bir_1228_pA_69,,E9,TCAACTGT,F9,AAGGATGT,R5
70,bir_1228_pA_70,,F9,TCAACTGT,F9,TTACGCAC,R6
71,bir_1228_pA_71,,G9,TCAACTGT,F9,AATGTTCT,R7
72,bir_1228_pA_72,,H9,TCAACTGT,F9,TGTCGGAT,R8
73,bir_1228_pA_73,,A10,TGATTACA,F10,AACAATGG,R1
74,bir_1228_pA_74,,B10,TGATTACA,F10,TTGAGCCT,R2
75,bir_1228_pA_75,,C10,TGATTACA,F10,AACTTGAC,R3
76,bir_1228_pA_76,,D10,TGATTACA,F10,TTCGCTGA,R4
77,bir_1228_pA_77,,E10,TGATTACA,F10,AAGGATGT,R5
78,bir_1228_pA_78,,F10,TGATTACA,F10,TTACGCAC,R6
79,bir_1228_pA_79,,G10,TGATTACA,F10,AATGTTCT,R7
80,bir_1228_pA_80,,H10,TGATTACA,F10,TGTCGGAT,R8
81,bir_1228_pA_81,,A11,GTCTTAGT,F11,AACAATGG,R1
82,bir_1228_pA_82,,B11,GTCTTAGT,F11,TTGAGCCT,R2
83,bir_1228_pA_83,,C11,GTCTTAGT,F11,AACTTGAC,R3
84,bir_1228_pA_84,,D11,GTCTTAGT,F11,TTCGCTGA,R4
85,bir_1228_pA_85,,E11,GTCTTAGT,F11,AAGGATGT,R5
86,bir_1228_pA_86,,F11,GTCTTAGT,F11,TTACGCAC,R6
87,bir_1228_pA_87,,G11,GTCTTAGT,F11,AATGTTCT,R7
88,bir_1228_pA_88,,H11,GTCTTAGT,F11,TGTCGGAT,R8
89,bir_1228_pA_89,,A12,CAGCAGCA,F12,AACAATGG,R1
90,bir_1228_pA_90,,B12,CAGCAGCA,F12,TTGAGCCT,R2
91,bir_1228_pA_91,,C12,CAGCAGCA,F12,AACTTGAC,R3
92,bir_1228_pA_92,,D12,CAGCAGCA,F12,TTCGCTGA,R4
93,bir_1228_pA_93,,E12,CAGCAGCA,F12,AAGGATGT,R5
94,bir_1228_pA_94,,F12,CAGCAGCA,F12,TTACGCAC,R6
95,bir_1228_pA_95,,G12,CAGCAGCA,F12,AATGTTCT,R7
96,bir_1228_pA_96,,H12,CAGCAGCA,F12,TGTCGGAT,R8
97,bir_1228_pB_1,,A1,AATGCGTT,F1,AGGTAAGG,R17
98,bir_1228_pB_2,,B1,AATGCGTT,F1,TCGCTAGA,R18
99,bir_1228_pB_3,,C1,AATGCGTT,F1,AGGTGCGA,R19
100,bir_1228_pB_4,,D1,AATGCGTT,F1,TCCTTGGT,R20
101,bir_1228_pB_5,,E1,AATGCGTT,F1,AGTTGCTT,R21
102,bir_1228_pB_6,,F1,AATGCGTT,F1,TATCTGCC,R22
103,bir_1228_pB_7,,G1,AATGCGTT,F1,ATTATCAA,R23
104,bir_1228_pB_8,,H1,AATGCGTT,F1,TACTTAGC,R24
105,bir_1228_pB_9,,A2,ATAGACAA,F2,AGGTAAGG,R17
106,bir_1228_pB_10,,B2,ATAGACAA,F2,TCGCTAGA,R18
107,bir_1228_pB_11,,C2,ATAGACAA,F2,AGGTGCGA,R19
108,bir_1228_pB_12,,D2,ATAGACAA,F2,TCCTTGGT,R20
109,bir_1228_pB_13,,E2,ATAGACAA,F2,AGTTGCTT,R21
110,bir_1228_pB_14,,F2,ATAGACAA,F2,TATCTGCC,R22
111,bir_1228_pB_15,,G2,ATAGACAA,F2,ATTATCAA,R23
112,bir_1228_pB_16,,H2,ATAGACAA,F2,TACTTAGC,R24
113,bir_1228_pB_17,,A3,AGTGTCTT,F3,AGGTAAGG,R17
114,bir_1228_pB_18,,B3,AGTGTCTT,F3,TCGCTAGA,R18
115,bir_1228_pB_19,,C3,AGTGTCTT,F3,AGGTGCGA,R19
116,bir_1228_pB_20,,D3,AGTGTCTT,F3,TCCTTGGT,R20
117,bir_1228_pB_21,,E3,AGTGTCTT,F3,AGTTGCTT,R21
118,bir_1228_pB_22,,F3,AGTGTCTT,F3,TATCTGCC,R22
119,bir_1228_pB_23,,G3,AGTGTCTT,F3,ATTATCAA,R23
120,bir_1228_pB_24,,H3,AGTGTCTT,F3,TACTTAGC,R24
121,bir_1228_pB_25,,A4,CTATTCAA,F4,AGGTAAGG,R17
122,bir_1228_pB_26,,B4,CTATTCAA,F4,TCGCTAGA,R18
123,bir_1228_pB_27,,C4,CTATTCAA,F4,AGGTGCGA,R19
124,bir_1228_pB_28,,D4,CTATTCAA,F4,TCCTTGGT,R20
125,bir_1228_pB_29,,E4,CTATTCAA,F4,AGTTGCTT,R21
126,bir_1228_pB_30,,F4,CTATTCAA,F4,TATCTGCC,R22
127,bir_1228_pB_31,,G4,CTATTCAA,F4,ATTATCAA,R23
128,bir_1228_pB_32,,H4,CTATTCAA,F4,TACTTAGC,R24
129,bir_1228_pB_33,,A5,CTCTACTT,F5,AGGTAAGG,R17
130,bir_1228_pB_34,,B5,CTCTACTT,F5,TCGCTAGA,R18
131,bir_1228_pB_35,,C5,CTCTACTT,F5,AGGTGCGA,R19
132,bir_1228_pB_36,,D5,CTCTACTT,F5,TCCTTGGT,R20
133,bir_1228_pB_37,,E5,CTCTACTT,F5,AGTTGCTT,R21
134,bir_1228_pB_38,,F5,CTCTACTT,F5,TATCTGCC,R22
135,bir_1228_pB_39,,G5,CTCTACTT,F5,ATTATCAA,R23
136,bir_1228_pB_40,,H5,CTCTACTT,F5,TACTTAGC,R24
137,bir_1228_pB_41,,A6,AGATATAA,F6,AGGTAAGG,R17
138,bir_1228_pB_42,,B6,AGATATAA,F6,TCGCTAGA,R18
139,bir_1228_pB_43,,C6,AGATATAA,F6,AGGTGCGA,R19
140,bir_1228_pB_44,,D6,AGATATAA,F6,TCCTTGGT,R20
141,bir_1228_pB_45,,E6,AGATATAA,F6,AGTTGCTT,R21
142,bir_1228_pB_46,,F6,AGATATAA,F6,TATCTGCC,R22
143,bir_1228_pB_47,,G6,AGATATAA,F6,ATTATCAA,R23
144,bir_1228_pB_48,,H6,AGATATAA,F6,TACTTAGC,R24
145,bir_1228_pB_49,,A7,GATCGTGT,F7,AGGTAAGG,R17
146,bir_1228_pB_50,,B7,GATCGTGT,F7,TCGCTAGA,R18
147,bir_1228_pB_51,,C7,GATCGTGT,F7,AGGTGCGA,R19
148,bir_1228_pB_52,,D7,GATCGTGT,F7,TCCTTGGT,R20
149,bir_1228_pB_53,,E7,GATCGTGT,F7,AGTTGCTT,R21
150,bir_1228_pB_54,,F7,GATCGTGT,F7,TATCTGCC,R22
151,bir_1228_pB_55,,G7,GATCGTGT,F7,ATTATCAA,R23
152,bir_1228_pB_56,,H7,GATCGTGT,F7,TACTTAGC,R24
153,bir_1228_pB_57,,A8,CTGATTAA,F8,AGGTAAGG,R17
154,bir_1228_pB_58,,B8,CTGATTAA,F8,TCGCTAGA,R18
155,bir_1228_pB_59,,C8,CTGATTAA,F8,AGGTGCGA,R19
156,bir_1228_pB_60,,D8,CTGATTAA,F8,TCCTTGGT,R20
157,bir_1228_pB_61,,E8,CTGATTAA,F8,AGTTGCTT,R21
158,bir_1228_pB_62,,F8,CTGATTAA,F8,TATCTGCC,R22
159,bir_1228_pB_63,,G8,CTGATTAA,F8,ATTATCAA,R23
160,bir_1228_pB_64,,H8,CTGATTAA,F8,TACTTAGC,R24
161,bir_1228_pB_65,,A9,TCAACTGT,F9,AGGTAAGG,R17
162,bir_1228_pB_66,,B9,TCAACTGT,F9,TCGCTAGA,R18
163,bir_1228_pB_67,,C9,TCAACTGT,F9,AGGTGCGA,R19
164,bir_1228_pB_68,,D9,TCAACTGT,F9,TCCTTGGT,R20
165,bir_1228_pB_69,,E9,TCAACTGT,F9,AGTTGCTT,R21
166,bir_1228_pB_70,,F9,TCAACTGT,F9,TATCTGCC,R22
167,bir_1228_pB_71,,G9,TCAACTGT,F9,ATTATCAA,R23
168,bir_1228_pB_72,,H9,TCAACTGT,F9,TACTTAGC,R24
169,bir_1228_pB_73,,A10,TGATTACA,F10,AGGTAAGG,R17
170,bir_1228_pB_74,,B10,TGATTACA,F10,TCGCTAGA,R18
171,bir_1228_pB_75,,C10,TGATTACA,F10,AGGTGCGA,R19
172,bir_1228_pB_76,,D10,TGATTACA,F10,TCCTTGGT,R20
173,bir_1228_pB_77,,E10,TGATTACA,F10,AGTTGCTT,R21
174,bir_1228_pB_78,,F10,TGATTACA,F10,TATCTGCC,R22
175,bir_1228_pB_79,,G10,TGATTACA,F10,ATTATCAA,R23
176,bir_1228_pB_80,,H10,TGATTACA,F10,TACTTAGC,R24
177,bir_1228_pB_81,,A11,GTCTTAGT,F11,AGGTAAGG,R17
178,bir_1228_pB_82,,B11,GTCTTAGT,F11,TCGCTAGA,R18
179,bir_1228_pB_83,,C11,GTCTTAGT,F11,AGGTGCGA,R19
180,bir_1228_pB_84,,D11,GTCTTAGT,F11,TCCTTGGT,R20
181,bir_1228_pB_85,,E11,GTCTTAGT,F11,AGTTGCTT,R21
182,bir_1228_pB_86,,F11,GTCTTAGT,F11,TATCTGCC,R22
183,bir_1228_pB_87,,G11,GTCTTAGT,F11,ATTATCAA,R23
184,bir_1228_pB_88,,H11,GTCTTAGT,F11,TACTTAGC,R24
185,bir_1228_pB_89,,A12,CAGCAGCA,F12,AGGTAAGG,R17
186,bir_1228_pB_90,,B12,CAGCAGCA,F12,TCGCTAGA,R18
187,bir_1228_pB_91,,C12,CAGCAGCA,F12,AGGTGCGA,R19
188,bir_1228_pB_92,,D12,CAGCAGCA,F12,TCCTTGGT,R20
189,bir_1228_pB_93,,E12,CAGCAGCA,F12,AGTTGCTT,R21
190,bir_1228_pB_94,,F12,CAGCAGCA,F12,TATCTGCC,R22
191,bir_1228_pB_95,,G12,CAGCAGCA,F12,ATTATCAA,R23
192,bir_1228_pB_96,,H12,CAGCAGCA,F12,TACTTAGC,R24
193,bir_1228_pControlB_1,,A1,GAATTGCT,F13,ACAGGTAT,R9
194,bir_1228_pControlB_2,,B1,GAATTGCT,F13,TGTAACTC,R10
195,bir_1228_pControlB_3,,C1,GAATTGCT,F13,ACCAACTG,R11
196,bir_1228_pControlB_4,,D1,GAATTGCT,F13,TGCTCGAC,R12
197,bir_1228_pControlB_5,,E1,GAATTGCT,F13,ACTGTATC,R13
198,bir_1228_pControlB_6,,F1,GAATTGCT,F13,TCTGGCGA,R14
199,bir_1228_pControlB_7,,G1,GAATTGCT,F13,AGCATGGA,R15
200,bir_1228_pControlB_8,,H1,GAATTGCT,F13,TCTCGGTC,R16
201,bir_1228_pControlB_9,,A2,TACTTGCA,F14,ACAGGTAT,R9
202,bir_1228_pControlB_10,,B2,TACTTGCA,F14,TGTAACTC,R10
203,bir_1228_pControlB_11,,C2,TACTTGCA,F14,ACCAACTG,R11
204,bir_1228_pControlB_12,,D2,TACTTGCA,F14,TGCTCGAC,R12
205,bir_1228_pControlB_13,,E2,TACTTGCA,F14,ACTGTATC,R13
206,bir_1228_pControlB_14,,F2,TACTTGCA,F14,TCTGGCGA,R14
207,bir_1228_pControlB_15,,G2,TACTTGCA,F14,AGCATGGA,R15
208,bir_1228_pControlB_16,,H2,TACTTGCA,F14,TCTCGGTC,R16
209,bir_1228_pControlB_17,,A3,TAGATCCT,F15,ACAGGTAT,R9
210,bir_1228_pControlB_18,,B3,TAGATCCT,F15,TGTAACTC,R10
211,bir_1228_pControlB_19,,C3,TAGATCCT,F15,ACCAACTG,R11
212,bir_1228_pControlB_20,,D3,TAGATCCT,F15,TGCTCGAC,R12
213,bir_1228_pControlB_21,,E3,TAGATCCT,F15,ACTGTATC,R13
214,bir_1228_pControlB_22,,F3,TAGATCCT,F15,TCTGGCGA,R14
215,bir_1228_pControlB_23,,G3,TAGATCCT,F15,AGCATGGA,R15
216,bir_1228_pControlB_24,,H3,TAGATCCT,F15,TCTCGGTC,R16
217,bir_1228_pControlB_25,,A4,CTTGCAGA,F16,ACAGGTAT,R9
218,bir_1228_pControlB_26,,B4,CTTGCAGA,F16,TGTAACTC,R10
219,bir_1228_pControlB_27,,C4,CTTGCAGA,F16,ACCAACTG,R11
220,bir_1228_pControlB_28,,D4,CTTGCAGA,F16,TGCTCGAC,R12
221,bir_1228_pControlB_29,,E4,CTTGCAGA,F16,ACTGTATC,R13
222,bir_1228_pControlB_30,,F4,CTTGCAGA,F16,TCTGGCGA,R14
223,bir_1228_pControlB_31,,G4,CTTGCAGA,F16,AGCATGGA,R15
224,bir_1228_pControlB_32,,H4,CTTGCAGA,F16,TCTCGGTC,R16
225,bir_1228_pControlB_33,,A5,TGCGACCT,F17,ACAGGTAT,R9
226,bir_1228_pControlB_34,,B5,TGCGACCT,F17,TGTAACTC,R10
227,bir_1228_pControlB_35,,C5,TGCGACCT,F17,ACCAACTG,R11
228,bir_1228_pControlB_36,,D5,TGCGACCT,F17,TGCTCGAC,R12
229,bir_1228_pControlB_37,,E5,TGCGACCT,F17,ACTGTATC,R13
230,bir_1228_pControlB_38,,F5,TGCGACCT,F17,TCTGGCGA,R14
231,bir_1228_pControlB_39,,G5,TGCGACCT,F17,AGCATGGA,R15
232,bir_1228_pControlB_40,,H5,TGCGACCT,F17,TCTCGGTC,R16
233,bir_1228_pControlB_41,,A6,CATTCCGA,F18,ACAGGTAT,R9
234,bir_1228_pControlB_42,,B6,CATTCCGA,F18,TGTAACTC,R10
235,bir_1228_pControlB_43,,C6,CATTCCGA,F18,ACCAACTG,R11
236,bir_1228_pControlB_44,,D6,CATTCCGA,F18,TGCTCGAC,R12
237,bir_1228_pControlB_45,,E6,CATTCCGA,F18,ACTGTATC,R13
238,bir_1228_pControlB_46,,F6,CATTCCGA,F18,TCTGGCGA,R14
239,bir_1228_pControlB_47,,G6,CATTCCGA,F18,AGCATGGA,R15
240,bir_1228_pControlB_48,,H6,CATTCCGA,F18,TCTCGGTC,R16
241,bir_1228_pControlB_49,,A7,GATAACCT,F19,ACAGGTAT,R9
242,bir_1228_pControlB_50,,B7,GATAACCT,F19,TGTAACTC,R10
243,bir_1228_pControlB_51,,C7,GATAACCT,F19,ACCAACTG,R11
244,bir_1228_pControlB_52,,D7,GATAACCT,F19,TGCTCGAC,R12
245,bir_1228_pControlB_53,,E7,GATAACCT,F19,ACTGTATC,R13
246,bir_1228_pControlB_54,,F7,GATAACCT,F19,TCTGGCGA,R14
247,bir_1228_pControlB_55,,G7,GATAACCT,F19,AGCATGGA,R15
248,bir_1228_pControlB_56,,H7,GATAACCT,F19,TCTCGGTC,R16
249,bir_1228_pControlB_57,,A8,CAAGGCGA,F20,ACAGGTAT,R9
250,bir_1228_pControlB_58,,B8,CAAGGCGA,F20,TGTAACTC,R10
251,bir_1228_pControlB_59,,C8,CAAGGCGA,F20,ACCAACTG,R11
252,bir_1228_pControlB_60,,D8,CAAGGCGA,F20,TGCTCGAC,R12
253,bir_1228_pControlB_61,,E8,CAAGGCGA,F20,ACTGTATC,R13
254,bir_1228_pControlB_62,,F8,CAAGGCGA,F20,TCTGGCGA,R14
255,bir_1228_pControlB_63,,G8,CAAGGCGA,F20,AGCATGGA,R15
256,bir_1228_pControlB_64,,H8,CAAGGCGA,F20,TCTCGGTC,R16
257,bir_1228_pControlB_65,,A9,GACGCTAT,F21,ACAGGTAT,R9
258,bir_1228_pControlB_66,,B9,GACGCTAT,F21,TGTAACTC,R10
259,bir_1228_pControlB_67,,C9,GACGCTAT,F21,ACCAACTG,R11
260,bir_1228_pControlB_68,,D9,GACGCTAT,F21,TGCTCGAC,R12
261,bir_1228_pControlB_69,,E9,GACGCTAT,F21,ACTGTATC,R13
262,bir_1228_pControlB_70,,F9,GACGCTAT,F21,TCTGGCGA,R14
263,bir_1228_pControlB_71,,G9,GACGCTAT,F21,AGCATGGA,R15
264,bir_1228_pControlB_72,,H9,GACGCTAT,F21,TCTCGGTC,R16
265,bir_1228_pControlB_73,,A10,TTGCTGGA,F22,ACAGGTAT,R9
266,bir_1228_pControlB_74,,B10,TTGCTGGA,F22,TGTAACTC,R10
267,bir_1228_pControlB_75,,C10,TTGCTGGA,F22,ACCAACTG,R11
268,bir_1228_pControlB_76,,D10,TTGCTGGA,F22,TGCTCGAC,R12
269,bir_1228_pControlB_77,,E10,TTGCTGGA,F22,ACTGTATC,R13
270,bir_1228_pControlB_78,,F10,TTGCTGGA,F22,TCTGGCGA,R14
271,bir_1228_pControlB_79,,G10,TTGCTGGA,F22,AGCATGGA,R15
272,bir_1228_pControlB_80,,H10,TTGCTGGA,F22,TCTCGGTC,R16
273,bir_1228_pControlB_81,,A11,AACATAAT,F23,ACAGGTAT,R9
274,bir_1228_pControlB_82,,B11,AACATAAT,F23,TGTAACTC,R10
275,bir_1228_pControlB_83,,C11,AACATAAT,F23,ACCAACTG,R11
276,bir_1228_pControlB_84,,D11,AACATAAT,F23,TGCTCGAC,R12
277,bir_1228_pControlB_85,,E11,AACATAAT,F23,ACTGTATC,R13
278,bir_1228_pControlB_86,,F11,AACATAAT,F23,TCTGGCGA,R14
279,bir_1228_pControlB_87,,G11,AACATAAT,F23,AGCATGGA,R15
280,bir_1228_pControlB_88,,H11,AACATAAT,F23,TCTCGGTC,R16
281,bir_1228_pControlB_89,,A12,CCTGGATA,F24,ACAGGTAT,R9
282,bir_1228_pControlB_90,,B12,CCTGGATA,F24,TGTAACTC,R10
283,bir_1228_pControlB_91,,C12,CCTGGATA,F24,ACCAACTG,R11
284,bir_1228_pControlB_92,,D12,CCTGGATA,F24,TGCTCGAC,R12
285,bir_1228_pControlB_93,,E12,CCTGGATA,F24,ACTGTATC,R13
286,bir_1228_pControlB_94,,F12,CCTGGATA,F24,TCTGGCGA,R14
287,bir_1228_pControlB_95,,G12,CCTGGATA,F24,AGCATGGA,R15
288,bir_1228_pControlB_96,,H12,CCTGGATA,F24,TCTCGGTC,R16
289,bir_0113_pA_1,,A1,GAATTGCT,F13,CAGGAGCC,R33
290,bir_0113_pA_2,,B1,GAATTGCT,F13,GCCTAGCC,R34
291,bir_0113_pA_3,,C1,GAATTGCT,F13,CATGATCG,R35
292,bir_0113_pA_4,,D1,GAATTGCT,F13,GCCGCAAC,R36
293,bir_0113_pA_5,,E1,GAATTGCT,F13,CCAACATT,R37
294,bir_0113_pA_6,,F1,GAATTGCT,F13,GCACATCT,R38
295,bir_0113_pA_7,,G1,GAATTGCT,F13,CCAGCACC,R39
296,bir_0113_pA_8,,H1,GAATTGCT,F13,GATATCCA,R40
297,bir_0113_pA_9,,A2,TACTTGCA,F14,CAGGAGCC,R33
298,bir_0113_pA_10,,B2,TACTTGCA,F14,GCCTAGCC,R34
299,bir_0113_pA_11,,C2,TACTTGCA,F14,CATGATCG,R35
300,bir_0113_pA_12,,D2,TACTTGCA,F14,GCCGCAAC,R36
301,bir_0113_pA_13,,E2,TACTTGCA,F14,CCAACATT,R37
302,bir_0113_pA_14,,F2,TACTTGCA,F14,GCACATCT,R38
303,bir_0113_pA_15,,G2,TACTTGCA,F14,CCAGCACC,R39
304,bir_0113_pA_16,,H2,TACTTGCA,F14,GATATCCA,R40
305,bir_0113_pA_17,,A3,TAGATCCT,F15,CAGGAGCC,R33
306,bir_0113_pA_18,,B3,TAGATCCT,F15,GCCTAGCC,R34
307,bir_0113_pA_19,,C3,TAGATCCT,F15,CATGATCG,R35
308,bir_0113_pA_20,,D3,TAGATCCT,F15,GCCGCAAC,R36
309,bir_0113_pA_21,,E3,TAGATCCT,F15,CCAACATT,R37
310,bir_0113_pA_22,,F3,TAGATCCT,F15,GCACATCT,R38
311,bir_0113_pA_23,,G3,TAGATCCT,F15,CCAGCACC,R39
312,bir_0113_pA_24,,H3,TAGATCCT,F15,GATATCCA,R40
313,bir_0113_pA_25,,A4,CTTGCAGA,F16,CAGGAGCC,R33
314,bir_0113_pA_26,,B4,CTTGCAGA,F16,GCCTAGCC,R34
315,bir_0113_pA_27,,C4,CTTGCAGA,F16,CATGATCG,R35
316,bir_0113_pA_28,,D4,CTTGCAGA,F16,GCCGCAAC,R36
317,bir_0113_pA_29,,E4,CTTGCAGA,F16,CCAACATT,R37
318,bir_0113_pA_30,,F4,CTTGCAGA,F16,GCACATCT,R38
319,bir_0113_pA_31,,G4,CTTGCAGA,F16,CCAGCACC,R39
320,bir_0113_pA_32,,H4,CTTGCAGA,F16,GATATCCA,R40
321,bir_0113_pA_33,,A5,TGCGACCT,F17,CAGGAGCC,R33
322,bir_0113_pA_34,,B5,TGCGACCT,F17,GCCTAGCC,R34
323,bir_0113_pA_35,,C5,TGCGACCT,F17,CATGATCG,R35
324,bir_0113_pA_36,,D5,TGCGACCT,F17,GCCGCAAC,R36
325,bir_0113_pA_37,,E5,TGCGACCT,F17,CCAACATT,R37
326,bir_0113_pA_38,,F5,TGCGACCT,F17,GCACATCT,R38
327,bir_0113_pA_39,,G5,TGCGACCT,F17,CCAGCACC,R39
328,bir_0113_pA_40,,H5,TGCGACCT,F17,GATATCCA,R40
329,bir_0113_pA_41,,A6,CATTCCGA,F18,CAGGAGCC,R33
330,bir_0113_pA_42,,B6,CATTCCGA,F18,GCCTAGCC,R34
331,bir_0113_pA_43,,C6,CATTCCGA,F18,CATGATCG,R35
332,bir_0113_pA_44,,D6,CATTCCGA,F18,GCCGCAAC,R36
333,bir_0113_pA_45,,E6,CATTCCGA,F18,CCAACATT,R37
334,bir_0113_pA_46,,F6,CATTCCGA,F18,GCACATCT,R38
335,bir_0113_pA_47,,G6,CATTCCGA,F18,CCAGCACC,R39
336,bir_0113_pA_48,,H6,CATTCCGA,F18,GATATCCA,R40
337,bir_0113_pA_49,,A7,GATAACCT,F19,CAGGAGCC,R33
338,bir_0113_pA_50,,B7,GATAACCT,F19,GCCTAGCC,R34
339,bir_0113_pA_51,,C7,GATAACCT,F19,CATGATCG,R35
340,bir_0113_pA_52,,D7,GATAACCT,F19,GCCGCAAC,R36
341,bir_0113_pA_53,,E7,GATAACCT,F19,CCAACATT,R37
342,bir_0113_pA_54,,F7,GATAACCT,F19,GCACATCT,R38
343,bir_0113_pA_55,,G7,GATAACCT,F19,CCAGCACC,R39
344,bir_0113_pA_56,,H7,GATAACCT,F19,GATATCCA,R40
345,bir_0113_pA_57,,A8,CAAGGCGA,F20,CAGGAGCC,R33
346,bir_0113_pA_58,,B8,CAAGGCGA,F20,GCCTAGCC,R34
347,bir_0113_pA_59,,C8,CAAGGCGA,F20,CATGATCG,R35
348,bir_0113_pA_60,,D8,CAAGGCGA,F20,GCCGCAAC,R36
349,bir_0113_pA_61,,E8,CAAGGCGA,F20,CCAACATT,R37
350,bir_0113_pA_62,,F8,CAAGGCGA,F20,GCACATCT,R38
351,bir_0113_pA_63,,G8,CAAGGCGA,F20,CCAGCACC,R39
352,bir_0113_pA_64,,H8,CAAGGCGA,F20,GATATCCA,R40
353,bir_0113_pA_65,,A9,GACGCTAT,F21,CAGGAGCC,R33
354,bir_0113_pA_66,,B9,GACGCTAT,F21,GCCTAGCC,R34
355,bir_0113_pA_67,,C9,GACGCTAT,F21,CATGATCG,R35
356,bir_0113_pA_68,,D9,GACGCTAT,F21,GCCGCAAC,R36
357,bir_0113_pA_69,,E9,GACGCTAT,F21,CCAACATT,R37
358,bir_0113_pA_70,,F9,GACGCTAT,F21,GCACATCT,R38
359,bir_0113_pA_71,,G9,GACGCTAT,F21,CCAGCACC,R39
360,bir_0113_pA_72,,H9,GACGCTAT,F21,GATATCCA,R40
361,bir_0113_pA_73,,A10,TTGCTGGA,F22,CAGGAGCC,R33
362,bir_0113_pA_74,,B10,TTGCTGGA,F22,GCCTAGCC,R34
363,bir_0113_pA_75,,C10,TTGCTGGA,F22,CATGATCG,R35
364,bir_0113_pA_76,,D10,TTGCTGGA,F22,GCCGCAAC,R36
365,bir_0113_pA_77,,E10,TTGCTGGA,F22,CCAACATT,R37
366,bir_0113_pA_78,,F10,TTGCTGGA,F22,GCACATCT,R38
367,bir_0113_pA_79,,G10,TTGCTGGA,F22,CCAGCACC,R39
368,bir_0113_pA_80,,H10,TTGCTGGA,F22,GATATCCA,R40
369,bir_0113_pA_81,,A11,AACATAAT,F23,CAGGAGCC,R33
370,bir_0113_pA_82,,B11,AACATAAT,F23,GCCTAGCC,R34
371,bir_0113_pA_83,,C11,AACATAAT,F23,CATGATCG,R35
372,bir_0113_pA_84,,D11,AACATAAT,F23,GCCGCAAC,R36
373,bir_0113_pA_85,,E11,AACATAAT,F23,CCAACATT,R37
374,bir_0113_pA_86,,F11,AACATAAT,F23,GCACATCT,R38
375,bir_0113_pA_87,,G11,AACATAAT,F23,CCAGCACC,R39
376,bir_0113_pA_88,,H11,AACATAAT,F23,GATATCCA,R40
377,bir_0113_pA_89,,A12,CCTGGATA,F24,CAGGAGCC,R33
378,bir_0113_pA_90,,B12,CCTGGATA,F24,GCCTAGCC,R34
379,bir_0113_pA_91,,C12,CCTGGATA,F24,CATGATCG,R35
380,bir_0113_pA_92,,D12,CCTGGATA,F24,GCCGCAAC,R36
381,bir_0113_pA_93,,E12,CCTGGATA,F24,CCAACATT,R37
382,bir_0113_pA_94,,F12,CCTGGATA,F24,GCACATCT,R38
383,bir_0113_pA_95,,G12,CCTGGATA,F24,CCAGCACC,R39
384,bir_0113_pA_96,,H12,CCTGGATA,F24,GATATCCA,R40
385,bir_0113_pB_1,,A1,CCTAGAAT,F25,AACAATGG,R1
386,bir_0113_pB_2,,B1,CCTAGAAT,F25,TTGAGCCT,R2
387,bir_0113_pB_3,,C1,CCTAGAAT,F25,AACTTGAC,R3
388,bir_0113_pB_4,,D1,CCTAGAAT,F25,TTCGCTGA,R4
389,bir_0113_pB_5,,E1,CCTAGAAT,F25,AAGGATGT,R5
390,bir_0113_pB_6,,F1,CCTAGAAT,F25,TTACGCAC,R6
391,bir_0113_pB_7,,G1,CCTAGAAT,F25,AATGTTCT,R7
392,bir_0113_pB_8,,H1,CCTAGAAT,F25,TGTCGGAT,R8
393,bir_0113_pB_9,,A2,GTTCATTA,F26,AACAATGG,R1
394,bir_0113_pB_10,,B2,GTTCATTA,F26,TTGAGCCT,R2
395,bir_0113_pB_11,,C2,GTTCATTA,F26,AACTTGAC,R3
396,bir_0113_pB_12,,D2,GTTCATTA,F26,TTCGCTGA,R4
397,bir_0113_pB_13,,E2,GTTCATTA,F26,AAGGATGT,R5
398,bir_0113_pB_14,,F2,GTTCATTA,F26,TTACGCAC,R6
399,bir_0113_pB_15,,G2,GTTCATTA,F26,AATGTTCT,R7
400,bir_0113_pB_16,,H2,GTTCATTA,F26,TGTCGGAT,R8
401,bir_0113_pB_17,,A3,GAGAGTTG,F27,AACAATGG,R1
402,bir_0113_pB_18,,B3,GAGAGTTG,F27,TTGAGCCT,R2
403,bir_0113_pB_19,,C3,GAGAGTTG,F27,AACTTGAC,R3
404,bir_0113_pB_20,,D3,GAGAGTTG,F27,TTCGCTGA,R4
405,bir_0113_pB_21,,E3,GAGAGTTG,F27,AAGGATGT,R5
406,bir_0113_pB_22,,F3,GAGAGTTG,F27,TTACGCAC,R6
407,bir_0113_pB_23,,G3,GAGAGTTG,F27,AATGTTCT,R7
408,bir_0113_pB_24,,H3,GAGAGTTG,F27,TGTCGGAT,R8
409,bir_0113_pB_25,,A4,CATCAGAC,F28,AACAATGG,R1
410,bir_0113_pB_26,,B4,CATCAGAC,F28,TTGAGCCT,R2
411,bir_0113_pB_27,,C4,CATCAGAC,F28,AACTTGAC,R3
412,bir_0113_pB_28,,D4,CATCAGAC,F28,TTCGCTGA,R4
413,bir_0113_pB_29,,E4,CATCAGAC,F28,AAGGATGT,R5
414,bir_0113_pB_30,,F4,CATCAGAC,F28,TTACGCAC,R6
415,bir_0113_pB_31,,G4,CATCAGAC,F28,AATGTTCT,R7
416,bir_0113_pB_32,,H4,CATCAGAC,F28,TGTCGGAT,R8
417,bir_0113_pB_33,,A5,AGGATGTG,F29,AACAATGG,R1
418,bir_0113_pB_34,,B5,AGGATGTG,F29,TTGAGCCT,R2
419,bir_0113_pB_35,,C5,AGGATGTG,F29,AACTTGAC,R3
420,bir_0113_pB_36,,D5,AGGATGTG,F29,TTCGCTGA,R4
421,bir_0113_pB_37,,E5,AGGATGTG,F29,AAGGATGT,R5
422,bir_0113_pB_38,,F5,AGGATGTG,F29,TTACGCAC,R6
423,bir_0113_pB_39,,G5,AGGATGTG,F29,AATGTTCT,R7
424,bir_0113_pB_40,,H5,AGGATGTG,F29,TGTCGGAT,R8
425,bir_0113_pB_41,,A6,CTGTGGAC,F30,AACAATGG,R1
426,bir_0113_pB_42,,B6,CTGTGGAC,F30,TTGAGCCT,R2
427,bir_0113_pB_43,,C6,CTGTGGAC,F30,AACTTGAC,R3
428,bir_0113_pB_44,,D6,CTGTGGAC,F30,TTCGCTGA,R4
429,bir_0113_pB_45,,E6,CTGTGGAC,F30,AAGGATGT,R5
430,bir_0113_pB_46,,F6,CTGTGGAC,F30,TTACGCAC,R6
431,bir_0113_pB_47,,G6,CTGTGGAC,F30,AATGTTCT,R7
432,bir_0113_pB_48,,H6,CTGTGGAC,F30,TGTCGGAT,R8
433,bir_0113_pB_49,,A7,TACCGCTG,F31,AACAATGG,R1
434,bir_0113_pB_50,,B7,TACCGCTG,F31,TTGAGCCT,R2
435,bir_0113_pB_51,,C7,TACCGCTG,F31,AACTTGAC,R3
436,bir_0113_pB_52,,D7,TACCGCTG,F31,TTCGCTGA,R4
437,bir_0113_pB_53,,E7,TACCGCTG,F31,AAGGATGT,R5
438,bir_0113_pB_54,,F7,TACCGCTG,F31,TTACGCAC,R6
439,bir_0113_pB_55,,G7,TACCGCTG,F31,AATGTTCT,R7
440,bir_0113_pB_56,,H7,TACCGCTG,F31,TGTCGGAT,R8
441,bir_0113_pB_57,,A8,TGTTATAC,F32,AACAATGG,R1
442,bir_0113_pB_58,,B8,TGTTATAC,F32,TTGAGCCT,R2
443,bir_0113_pB_59,,C8,TGTTATAC,F32,AACTTGAC,R3
444,bir_0113_pB_60,,D8,TGTTATAC,F32,TTCGCTGA,R4
445,bir_0113_pB_61,,E8,TGTTATAC,F32,AAGGATGT,R5
446,bir_0113_pB_62,,F8,TGTTATAC,F32,TTACGCAC,R6
447,bir_0113_pB_63,,G8,TGTTATAC,F32,AATGTTCT,R7
448,bir_0113_pB_64,,H8,TGTTATAC,F32,TGTCGGAT,R8
449,bir_0113_pB_65,,A9,TCGCTATG,F33,AACAATGG,R1
450,bir_0113_pB_66,,B9,TCGCTATG,F33,TTGAGCCT,R2
451,bir_0113_pB_67,,C9,TCGCTATG,F33,AACTTGAC,R3
452,bir_0113_pB_68,,D9,TCGCTATG,F33,TTCGCTGA,R4
453,bir_0113_pB_69,,E9,TCGCTATG,F33,AAGGATGT,R5
454,bir_0113_pB_70,,F9,TCGCTATG,F33,TTACGCAC,R6
455,bir_0113_pB_71,,G9,TCGCTATG,F33,AATGTTCT,R7
456,bir_0113_pB_72,,H9,TCGCTATG,F33,TGTCGGAT,R8
457,bir_0113_pB_73,,A10,TCTGGACC,F34,AACAATGG,R1
458,bir_0113_pB_74,,B10,TCTGGACC,F34,TTGAGCCT,R2
459,bir_0113_pB_75,,C10,TCTGGACC,F34,AACTTGAC,R3
460,bir_0113_pB_76,,D10,TCTGGACC,F34,TTCGCTGA,R4
461,bir_0113_pB_77,,E10,TCTGGACC,F34,AAGGATGT,R5
462,bir_0113_pB_78,,F10,TCTGGACC,F34,TTACGCAC,R6
463,bir_0113_pB_79,,G10,TCTGGACC,F34,AATGTTCT,R7
464,bir_0113_pB_80,,H10,TCTGGACC,F34,TGTCGGAT,R8
465,bir_0113_pB_81,,A11,TAAGCATG,F35,AACAATGG,R1
466,bir_0113_pB_82,,B11,TAAGCATG,F35,TTGAGCCT,R2
467,bir_0113_pB_83,,C11,TAAGCATG,F35,AACTTGAC,R3
468,bir_0113_pB_84,,D11,TAAGCATG,F35,TTCGCTGA,R4
469,bir_0113_pB_85,,E11,TAAGCATG,F35,AAGGATGT,R5
470,bir_0113_pB_86,,F11,TAAGCATG,F35,TTACGCAC,R6
471,bir_0113_pB_87,,G11,TAAGCATG,F35,AATGTTCT,R7
472,bir_0113_pB_88,,H11,TAAGCATG,F35,TGTCGGAT,R8
473,bir_0113_pB_89,,A12,TCGACGGC,F36,AACAATGG,R1
474,bir_0113_pB_90,,B12,TCGACGGC,F36,TTGAGCCT,R2
475,bir_0113_pB_91,,C12,TCGACGGC,F36,AACTTGAC,R3
476,bir_0113_pB_92,,D12,TCGACGGC,F36,TTCGCTGA,R4
477,bir_0113_pB_93,,E12,TCGACGGC,F36,AAGGATGT,R5
478,bir_0113_pB_94,,F12,TCGACGGC,F36,TTACGCAC,R6
479,bir_0113_pB_95,,G12,TCGACGGC,F36,AATGTTCT,R7
480,bir_0113_pB_96,,H12,TCGACGGC,F36,TGTCGGAT,R8
481,bir_0113_pC_1,,A1,CCTAGAAT,F25,AGGTAAGG,R17
482,bir_0113_pC_2,,B1,CCTAGAAT,F25,TCGCTAGA,R18
483,bir_0113_pC_3,,C1,CCTAGAAT,F25,AGGTGCGA,R19
484,bir_0113_pC_4,,D1,CCTAGAAT,F25,TCCTTGGT,R20
485,bir_0113_pC_5,,E1,CCTAGAAT,F25,AGTTGCTT,R21
486,bir_0113_pC_6,,F1,CCTAGAAT,F25,TATCTGCC,R22
487,bir_0113_pC_7,,G1,CCTAGAAT,F25,ATTATCAA,R23
488,bir_0113_pC_8,,H1,CCTAGAAT,F25,TACTTAGC,R24
489,bir_0113_pC_9,,A2,GTTCATTA,F26,AGGTAAGG,R17
490,bir_0113_pC_10,,B2,GTTCATTA,F26,TCGCTAGA,R18
491,bir_0113_pC_11,,C2,GTTCATTA,F26,AGGTGCGA,R19
492,bir_0113_pC_12,,D2,GTTCATTA,F26,TCCTTGGT,R20
493,bir_0113_pC_13,,E2,GTTCATTA,F26,AGTTGCTT,R21
494,bir_0113_pC_14,,F2,GTTCATTA,F26,TATCTGCC,R22
495,bir_0113_pC_15,,G2,GTTCATTA,F26,ATTATCAA,R23
496,bir_0113_pC_16,,H2,GTTCATTA,F26,TACTTAGC,R24
497,bir_0113_pC_17,,A3,GAGAGTTG,F27,AGGTAAGG,R17
498,bir_0113_pC_18,,B3,GAGAGTTG,F27,TCGCTAGA,R18
499,bir_0113_pC_19,,C3,GAGAGTTG,F27,AGGTGCGA,R19
500,bir_0113_pC_20,,D3,GAGAGTTG,F27,TCCTTGGT,R20
501,bir_0113_pC_21,,E3,GAGAGTTG,F27,AGTTGCTT,R21
502,bir_0113_pC_22,,F3,GAGAGTTG,F27,TATCTGCC,R22
503,bir_0113_pC_23,,G3,GAGAGTTG,F27,ATTATCAA,R23
504,bir_0113_pC_24,,H3,GAGAGTTG,F27,TACTTAGC,R24
505,bir_0113_pC_25,,A4,CATCAGAC,F28,AGGTAAGG,R17
506,bir_0113_pC_26,,B4,CATCAGAC,F28,TCGCTAGA,R18
507,bir_0113_pC_27,,C4,CATCAGAC,F28,AGGTGCGA,R19
508,bir_0113_pC_28,,D4,CATCAGAC,F28,TCCTTGGT,R20
509,bir_0113_pC_29,,E4,CATCAGAC,F28,AGTTGCTT,R21
510,bir_0113_pC_30,,F4,CATCAGAC,F28,TATCTGCC,R22
511,bir_0113_pC_31,,G4,CATCAGAC,F28,ATTATCAA,R23
512,bir_0113_pC_32,,H4,CATCAGAC,F28,TACTTAGC,R24
513,bir_0113_pC_33,,A5,AGGATGTG,F29,AGGTAAGG,R17
514,bir_0113_pC_34,,B5,AGGATGTG,F29,TCGCTAGA,R18
515,bir_0113_pC_35,,C5,AGGATGTG,F29,AGGTGCGA,R19
516,bir_0113_pC_36,,D5,AGGATGTG,F29,TCCTTGGT,R20
517,bir_0113_pC_37,,E5,AGGATGTG,F29,AGTTGCTT,R21
518,bir_0113_pC_38,,F5,AGGATGTG,F29,TATCTGCC,R22
519,bir_0113_pC_39,,G5,AGGATGTG,F29,ATTATCAA,R23
520,bir_0113_pC_40,,H5,AGGATGTG,F29,TACTTAGC,R24
521,bir_0113_pC_41,,A6,CTGTGGAC,F30,AGGTAAGG,R17
522,bir_0113_pC_42,,B6,CTGTGGAC,F30,TCGCTAGA,R18
523,bir_0113_pC_43,,C6,CTGTGGAC,F30,AGGTGCGA,R19
524,bir_0113_pC_44,,D6,CTGTGGAC,F30,TCCTTGGT,R20
525,bir_0113_pC_45,,E6,CTGTGGAC,F30,AGTTGCTT,R21
526,bir_0113_pC_46,,F6,CTGTGGAC,F30,TATCTGCC,R22
527,bir_0113_pC_47,,G6,CTGTGGAC,F30,ATTATCAA,R23
528,bir_0113_pC_48,,H6,CTGTGGAC,F30,TACTTAGC,R24
529,bir_0113_pC_49,,A7,TACCGCTG,F31,AGGTAAGG,R17
530,bir_0113_pC_50,,B7,TACCGCTG,F31,TCGCTAGA,R18
531,bir_0113_pC_51,,C7,TACCGCTG,F31,AGGTGCGA,R19
532,bir_0113_pC_52,,D7,TACCGCTG,F31,TCCTTGGT,R20
533,bir_0113_pC_53,,E7,TACCGCTG,F31,AGTTGCTT,R21
534,bir_0113_pC_54,,F7,TACCGCTG,F31,TATCTGCC,R22
535,bir_0113_pC_55,,G7,TACCGCTG,F31,ATTATCAA,R23
536,bir_0113_pC_56,,H7,TACCGCTG,F31,TACTTAGC,R24
537,bir_0113_pC_57,,A8,TGTTATAC,F32,AGGTAAGG,R17
538,bir_0113_pC_58,,B8,TGTTATAC,F32,TCGCTAGA,R18
539,bir_0113_pC_59,,C8,TGTTATAC,F32,AGGTGCGA,R19
540,bir_0113_pC_60,,D8,TGTTATAC,F32,TCCTTGGT,R20
541,bir_0113_pC_61,,E8,TGTTATAC,F32,AGTTGCTT,R21
542,bir_0113_pC_62,,F8,TGTTATAC,F32,TATCTGCC,R22
543,bir_0113_pC_63,,G8,TGTTATAC,F32,ATTATCAA,R23
544,bir_0113_pC_64,,H8,TGTTATAC,F32,TACTTAGC,R24
545,bir_0113_pC_65,,A9,TCGCTATG,F33,AGGTAAGG,R17
546,bir_0113_pC_66,,B9,TCGCTATG,F33,TCGCTAGA,R18
547,bir_0113_pC_67,,C9,TCGCTATG,F33,AGGTGCGA,R19
548,bir_0113_pC_68,,D9,TCGCTATG,F33,TCCTTGGT,R20
549,bir_0113_pC_69,,E9,TCGCTATG,F33,AGTTGCTT,R21
550,bir_0113_pC_70,,F9,TCGCTATG,F33,TATCTGCC,R22
551,bir_0113_pC_71,,G9,TCGCTATG,F33,ATTATCAA,R23
552,bir_0113_pC_72,,H9,TCGCTATG,F33,TACTTAGC,R24
553,bir_0113_pC_73,,A10,TCTGGACC,F34,AGGTAAGG,R17
554,bir_0113_pC_74,,B10,TCTGGACC,F34,TCGCTAGA,R18
555,bir_0113_pC_75,,C10,TCTGGACC,F34,AGGTGCGA,R19
556,bir_0113_pC_76,,D10,TCTGGACC,F34,TCCTTGGT,R20
557,bir_0113_pC_77,,E10,TCTGGACC,F34,AGTTGCTT,R21
558,bir_0113_pC_78,,F10,TCTGGACC,F34,TATCTGCC,R22
559,bir_0113_pC_79,,G10,TCTGGACC,F34,ATTATCAA,R23
560,bir_0113_pC_80,,H10,TCTGGACC,F34,TACTTAGC,R24
561,bir_0113_pC_81,,A11,TAAGCATG,F35,AGGTAAGG,R17
562,bir_0113_pC_82,,B11,TAAGCATG,F35,TCGCTAGA,R18
563,bir_0113_pC_83,,C11,TAAGCATG,F35,AGGTGCGA,R19
564,bir_0113_pC_84,,D11,TAAGCATG,F35,TCCTTGGT,R20
565,bir_0113_pC_85,,E11,TAAGCATG,F35,AGTTGCTT,R21
566,bir_0113_pC_86,,F11,TAAGCATG,F35,TATCTGCC,R22
567,bir_0113_pC_87,,G11,TAAGCATG,F35,ATTATCAA,R23
568,bir_0113_pC_88,,H11,TAAGCATG,F35,TACTTAGC,R24
569,bir_0113_pC_89,,A12,TCGACGGC,F36,AGGTAAGG,R17
570,bir_0113_pC_90,,B12,TCGACGGC,F36,TCGCTAGA,R18
571,bir_0113_pC_91,,C12,TCGACGGC,F36,AGGTGCGA,R19
572,bir_0113_pC_92,,D12,TCGACGGC,F36,TCCTTGGT,R20
573,bir_0113_pC_93,,E12,TCGACGGC,F36,AGTTGCTT,R21
574,bir_0113_pC_94,,F12,TCGACGGC,F36,TATCTGCC,R22
575,bir_0113_pC_95,,G12,TCGACGGC,F36,ATTATCAA,R23
576,bir_0113_pC_96,,H12,TCGACGGC,F36,TACTTAGC,R24
577,bir_0120_pD_1,,A1,GAATTGCT,F13,ATTCCTCT,R25
578,bir_0120_pD_2,,B1,GAATTGCT,F13,TAAGCACA,R26
579,bir_0120_pD_3,,C1,GAATTGCT,F13,ATTGTCTG,R27
580,bir_0120_pD_4,,D1,GAATTGCT,F13,GTCGCCTT,R28
581,bir_0120_pD_5,,E1,GAATTGCT,F13,CAATAGTC,R29
582,bir_0120_pD_6,,F1,GAATTGCT,F13,GTCATCTA,R30
583,bir_0120_pD_7,,G1,GAATTGCT,F13,CAGCAAGG,R31
584,bir_0120_pD_8,,H1,GAATTGCT,F13,GTAACATC,R32
585,bir_0120_pD_9,,A2,TACTTGCA,F14,ATTCCTCT,R25
586,bir_0120_pD_10,,B2,TACTTGCA,F14,TAAGCACA,R26
587,bir_0120_pD_11,,C2,TACTTGCA,F14,ATTGTCTG,R27
588,bir_0120_pD_12,,D2,TACTTGCA,F14,GTCGCCTT,R28
589,bir_0120_pD_13,,E2,TACTTGCA,F14,CAATAGTC,R29
590,bir_0120_pD_14,,F2,TACTTGCA,F14,GTCATCTA,R30
591,bir_0120_pD_15,,G2,TACTTGCA,F14,CAGCAAGG,R31
592,bir_0120_pD_16,,H2,TACTTGCA,F14,GTAACATC,R32
593,bir_0120_pD_17,,A3,TAGATCCT,F15,ATTCCTCT,R25
594,bir_0120_pD_18,,B3,TAGATCCT,F15,TAAGCACA,R26
595,bir_0120_pD_19,,C3,TAGATCCT,F15,ATTGTCTG,R27
596,bir_0120_pD_20,,D3,TAGATCCT,F15,GTCGCCTT,R28
597,bir_0120_pD_21,,E3,TAGATCCT,F15,CAATAGTC,R29
598,bir_0120_pD_22,,F3,TAGATCCT,F15,GTCATCTA,R30
599,bir_0120_pD_23,,G3,TAGATCCT,F15,CAGCAAGG,R31
600,bir_0120_pD_24,,H3,TAGATCCT,F15,GTAACATC,R32
601,bir_0120_pD_25,,A4,CTTGCAGA,F16,ATTCCTCT,R25
602,bir_0120_pD_26,,B4,CTTGCAGA,F16,TAAGCACA,R26
603,bir_0120_pD_27,,C4,CTTGCAGA,F16,ATTGTCTG,R27
604,bir_0120_pD_28,,D4,CTTGCAGA,F16,GTCGCCTT,R28
605,bir_0120_pD_29,,E4,CTTGCAGA,F16,CAATAGTC,R29
606,bir_0120_pD_30,,F4,CTTGCAGA,F16,GTCATCTA,R30
607,bir_0120_pD_31,,G4,CTTGCAGA,F16,CAGCAAGG,R31
608,bir_0120_pD_32,,H4,CTTGCAGA,F16,GTAACATC,R32
609,bir_0120_pD_33,,A5,TGCGACCT,F17,ATTCCTCT,R25
610,bir_0120_pD_34,,B5,TGCGACCT,F17,TAAGCACA,R26
611,bir_0120_pD_35,,C5,TGCGACCT,F17,ATTGTCTG,R27
612,bir_0120_pD_36,,D5,TGCGACCT,F17,GTCGCCTT,R28
613,bir_0120_pD_37,,E5,TGCGACCT,F17,CAATAGTC,R29
614,bir_0120_pD_38,,F5,TGCGACCT,F17,GTCATCTA,R30
615,bir_0120_pD_39,,G5,TGCGACCT,F17,CAGCAAGG,R31
616,bir_0120_pD_40,,H5,TGCGACCT,F17,GTAACATC,R32
617,bir_0120_pD_41,,A6,CATTCCGA,F18,ATTCCTCT,R25
618,bir_0120_pD_42,,B6,CATTCCGA,F18,TAAGCACA,R26
619,bir_0120_pD_43,,C6,CATTCCGA,F18,ATTGTCTG,R27
620,bir_0120_pD_44,,D6,CATTCCGA,F18,GTCGCCTT,R28
621,bir_0120_pD_45,,E6,CATTCCGA,F18,CAATAGTC,R29
622,bir_0120_pD_46,,F6,CATTCCGA,F18,GTCATCTA,R30
623,bir_0120_pD_47,,G6,CATTCCGA,F18,CAGCAAGG,R31
624,bir_0120_pD_48,,H6,CATTCCGA,F18,GTAACATC,R32
625,bir_0120_pD_49,,A7,GATAACCT,F19,ATTCCTCT,R25
626,bir_0120_pD_50,,B7,GATAACCT,F19,TAAGCACA,R26
627,bir_0120_pD_51,,C7,GATAACCT,F19,ATTGTCTG,R27
628,bir_0120_pD_52,,D7,GATAACCT,F19,GTCGCCTT,R28
629,bir_0120_pD_53,,E7,GATAACCT,F19,CAATAGTC,R29
630,bir_0120_pD_54,,F7,GATAACCT,F19,GTCATCTA,R30
631,bir_0120_pD_55,,G7,GATAACCT,F19,CAGCAAGG,R31
632,bir_0120_pD_56,,H7,GATAACCT,F19,GTAACATC,R32
633,bir_0120_pD_57,,A8,CAAGGCGA,F20,ATTCCTCT,R25
634,bir_0120_pD_58,,B8,CAAGGCGA,F20,TAAGCACA,R26
635,bir_0120_pD_59,,C8,CAAGGCGA,F20,ATTGTCTG,R27
636,bir_0120_pD_60,,D8,CAAGGCGA,F20,GTCGCCTT,R28
637,bir_0120_pD_61,,E8,CAAGGCGA,F20,CAATAGTC,R29
638,bir_0120_pD_62,,F8,CAAGGCGA,F20,GTCATCTA,R30
639,bir_0120_pD_63,,G8,CAAGGCGA,F20,CAGCAAGG,R31
640,bir_0120_pD_64,,H8,CAAGGCGA,F20,GTAACATC,R32
641,bir_0120_pD_65,,A9,GACGCTAT,F21,ATTCCTCT,R25
642,bir_0120_pD_66,,B9,GACGCTAT,F21,TAAGCACA,R26
643,bir_0120_pD_67,,C9,GACGCTAT,F21,ATTGTCTG,R27
644,bir_0120_pD_68,,D9,GACGCTAT,F21,GTCGCCTT,R28
645,bir_0120_pD_69,,E9,GACGCTAT,F21,CAATAGTC,R29
646,bir_0120_pD_70,,F9,GACGCTAT,F21,GTCATCTA,R30
647,bir_0120_pD_71,,G9,GACGCTAT,F21,CAGCAAGG,R31
648,bir_0120_pD_72,,H9,GACGCTAT,F21,GTAACATC,R32
649,bir_0120_pD_73,,A10,TTGCTGGA,F22,ATTCCTCT,R25
650,bir_0120_pD_74,,B10,TTGCTGGA,F22,TAAGCACA,R26
651,bir_0120_pD_75,,C10,TTGCTGGA,F22,ATTGTCTG,R27
652,bir_0120_pD_76,,D10,TTGCTGGA,F22,GTCGCCTT,R28
653,bir_0120_pD_77,,E10,TTGCTGGA,F22,CAATAGTC,R29
654,bir_0120_pD_78,,F10,TTGCTGGA,F22,GTCATCTA,R30
655,bir_0120_pD_79,,G10,TTGCTGGA,F22,CAGCAAGG,R31
656,bir_0120_pD_80,,H10,TTGCTGGA,F22,GTAACATC,R32
657,bir_0120_pD_81,,A11,AACATAAT,F23,ATTCCTCT,R25
658,bir_0120_pD_82,,B11,AACATAAT,F23,TAAGCACA,R26
659,bir_0120_pD_83,,C11,AACATAAT,F23,ATTGTCTG,R27
660,bir_0120_pD_84,,D11,AACATAAT,F23,GTCGCCTT,R28
661,bir_0120_pD_85,,E11,AACATAAT,F23,CAATAGTC,R29
662,bir_0120_pD_86,,F11,AACATAAT,F23,GTCATCTA,R30
663,bir_0120_pD_87,,G11,AACATAAT,F23,CAGCAAGG,R31
664,bir_0120_pD_88,,H11,AACATAAT,F23,GTAACATC,R32
665,bir_0120_pD_89,,A12,CCTGGATA,F24,ATTCCTCT,R25
666,bir_0120_pD_90,,B12,CCTGGATA,F24,TAAGCACA,R26
667,bir_0120_pD_91,,C12,CCTGGATA,F24,ATTGTCTG,R27
668,bir_0120_pD_92,,D12,CCTGGATA,F24,GTCGCCTT,R28
669,bir_0120_pD_93,,E12,CCTGGATA,F24,CAATAGTC,R29
670,bir_0120_pD_94,,F12,CCTGGATA,F24,GTCATCTA,R30
671,bir_0120_pD_95,,G12,CCTGGATA,F24,CAGCAAGG,R31
672,bir_0120_pD_96,,H12,CCTGGATA,F24,GTAACATC,R32
673,bir_0120_pE_1,,A1,AGCTCTGG,F37,ACAGGTAT,R9
674,bir_0120_pE_2,,B1,AGCTCTGG,F37,TGTAACTC,R10
675,bir_0120_pE_3,,C1,AGCTCTGG,F37,ACCAACTG,R11
676,bir_0120_pE_4,,D1,AGCTCTGG,F37,TGCTCGAC,R12
677,bir_0120_pE_5,,E1,AGCTCTGG,F37,ACTGTATC,R13
678,bir_0120_pE_6,,F1,AGCTCTGG,F37,TCTGGCGA,R14
679,bir_0120_pE_7,,G1,AGCTCTGG,F37,AGCATGGA,R15
680,bir_0120_pE_8,,H1,AGCTCTGG,F37,TCTCGGTC,R16
681,bir_0120_pE_9,,A2,ACGGCTGC,F38,ACAGGTAT,R9
682,bir_0120_pE_10,,B2,ACGGCTGC,F38,TGTAACTC,R10
683,bir_0120_pE_11,,C2,ACGGCTGC,F38,ACCAACTG,R11
684,bir_0120_pE_12,,D2,ACGGCTGC,F38,TGCTCGAC,R12
685,bir_0120_pE_13,,E2,ACGGCTGC,F38,ACTGTATC,R13
686,bir_0120_pE_14,,F2,ACGGCTGC,F38,TCTGGCGA,R14
687,bir_0120_pE_15,,G2,ACGGCTGC,F38,AGCATGGA,R15
688,bir_0120_pE_16,,H2,ACGGCTGC,F38,TCTCGGTC,R16
689,bir_0120_pE_17,,A3,CTAACTGG,F39,ACAGGTAT,R9
690,bir_0120_pE_18,,B3,CTAACTGG,F39,TGTAACTC,R10
691,bir_0120_pE_19,,C3,CTAACTGG,F39,ACCAACTG,R11
692,bir_0120_pE_20,,D3,CTAACTGG,F39,TGCTCGAC,R12
693,bir_0120_pE_21,,E3,CTAACTGG,F39,ACTGTATC,R13
694,bir_0120_pE_22,,F3,CTAACTGG,F39,TCTGGCGA,R14
695,bir_0120_pE_23,,G3,CTAACTGG,F39,AGCATGGA,R15
696,bir_0120_pE_24,,H3,CTAACTGG,F39,TCTCGGTC,R16
697,bir_0120_pE_25,,A4,TCGTGTGC,F40,ACAGGTAT,R9
698,bir_0120_pE_26,,B4,TCGTGTGC,F40,TGTAACTC,R10
699,bir_0120_pE_27,,C4,TCGTGTGC,F40,ACCAACTG,R11
700,bir_0120_pE_28,,D4,TCGTGTGC,F40,TGCTCGAC,R12
701,bir_0120_pE_29,,E4,TCGTGTGC,F40,ACTGTATC,R13
702,bir_0120_pE_30,,F4,TCGTGTGC,F40,TCTGGCGA,R14
703,bir_0120_pE_31,,G4,TCGTGTGC,F40,AGCATGGA,R15
704,bir_0120_pE_32,,H4,TCGTGTGC,F40,TCTCGGTC,R16
705,bir_0120_pE_33,,A5,GGCATAGG,F41,ACAGGTAT,R9
706,bir_0120_pE_34,,B5,GGCATAGG,F41,TGTAACTC,R10
707,bir_0120_pE_35,,C5,GGCATAGG,F41,ACCAACTG,R11
708,bir_0120_pE_36,,D5,GGCATAGG,F41,TGCTCGAC,R12
709,bir_0120_pE_37,,E5,GGCATAGG,F41,ACTGTATC,R13
710,bir_0120_pE_38,,F5,GGCATAGG,F41,TCTGGCGA,R14
711,bir_0120_pE_39,,G5,GGCATAGG,F41,AGCATGGA,R15
712,bir_0120_pE_40,,H5,GGCATAGG,F41,TCTCGGTC,R16
713,bir_0120_pE_41,,A6,GTTAGGTC,F42,ACAGGTAT,R9
714,bir_0120_pE_42,,B6,GTTAGGTC,F42,TGTAACTC,R10
715,bir_0120_pE_43,,C6,GTTAGGTC,F42,ACCAACTG,R11
716,bir_0120_pE_44,,D6,GTTAGGTC,F42,TGCTCGAC,R12
717,bir_0120_pE_45,,E6,GTTAGGTC,F42,ACTGTATC,R13
718,bir_0120_pE_46,,F6,GTTAGGTC,F42,TCTGGCGA,R14
719,bir_0120_pE_47,,G6,GTTAGGTC,F42,AGCATGGA,R15
720,bir_0120_pE_48,,H6,GTTAGGTC,F42,TCTCGGTC,R16
721,bir_0120_pE_49,,A7,GGAAGGCG,F43,ACAGGTAT,R9
722,bir_0120_pE_50,,B7,GGAAGGCG,F43,TGTAACTC,R10
723,bir_0120_pE_51,,C7,GGAAGGCG,F43,ACCAACTG,R11
724,bir_0120_pE_52,,D7,GGAAGGCG,F43,TGCTCGAC,R12
725,bir_0120_pE_53,,E7,GGAAGGCG,F43,ACTGTATC,R13
726,bir_0120_pE_54,,F7,GGAAGGCG,F43,TCTGGCGA,R14
727,bir_0120_pE_55,,G7,GGAAGGCG,F43,AGCATGGA,R15
728,bir_0120_pE_56,,H7,GGAAGGCG,F43,TCTCGGTC,R16
729,bir_0120_pE_57,,A8,TCCTGGTC,F44,ACAGGTAT,R9
730,bir_0120_pE_58,,B8,TCCTGGTC,F44,TGTAACTC,R10
731,bir_0120_pE_59,,C8,TCCTGGTC,F44,ACCAACTG,R11
732,bir_0120_pE_60,,D8,TCCTGGTC,F44,TGCTCGAC,R12
733,bir_0120_pE_61,,E8,TCCTGGTC,F44,ACTGTATC,R13
734,bir_0120_pE_62,,F8,TCCTGGTC,F44,TCTGGCGA,R14
735,bir_0120_pE_63,,G8,TCCTGGTC,F44,AGCATGGA,R15
736,bir_0120_pE_64,,H8,TCCTGGTC,F44,TCTCGGTC,R16
737,bir_0120_pE_65,,A9,ACATAGCG,F45,ACAGGTAT,R9
738,bir_0120_pE_66,,B9,ACATAGCG,F45,TGTAACTC,R10
739,bir_0120_pE_67,,C9,ACATAGCG,F45,ACCAACTG,R11
740,bir_0120_pE_68,,D9,ACATAGCG,F45,TGCTCGAC,R12
741,bir_0120_pE_69,,E9,ACATAGCG,F45,ACTGTATC,R13
742,bir_0120_pE_70,,F9,ACATAGCG,F45,TCTGGCGA,R14
743,bir_0120_pE_71,,G9,ACATAGCG,F45,AGCATGGA,R15
744,bir_0120_pE_72,,H9,ACATAGCG,F45,TCTCGGTC,R16
745,bir_0120_pE_73,,A10,CTTCCTTC,F46,ACAGGTAT,R9
746,bir_0120_pE_74,,B10,CTTCCTTC,F46,TGTAACTC,R10
747,bir_0120_pE_75,,C10,CTTCCTTC,F46,ACCAACTG,R11
748,bir_0120_pE_76,,D10,CTTCCTTC,F46,TGCTCGAC,R12
749,bir_0120_pE_77,,E10,CTTCCTTC,F46,ACTGTATC,R13
750,bir_0120_pE_78,,F10,CTTCCTTC,F46,TCTGGCGA,R14
751,bir_0120_pE_79,,G10,CTTCCTTC,F46,AGCATGGA,R15
752,bir_0120_pE_80,,H10,CTTCCTTC,F46,TCTCGGTC,R16
753,bir_0120_pE_81,,A11,CGAGTTAG,F47,ACAGGTAT,R9
754,bir_0120_pE_82,,B11,CGAGTTAG,F47,TGTAACTC,R10
755,bir_0120_pE_83,,C11,CGAGTTAG,F47,ACCAACTG,R11
756,bir_0120_pE_84,,D11,CGAGTTAG,F47,TGCTCGAC,R12
757,bir_0120_pE_85,,E11,CGAGTTAG,F47,ACTGTATC,R13
758,bir_0120_pE_86,,F11,CGAGTTAG,F47,TCTGGCGA,R14
759,bir_0120_pE_87,,G11,CGAGTTAG,F47,AGCATGGA,R15
760,bir_0120_pE_88,,H11,CGAGTTAG,F47,TCTCGGTC,R16
761,bir_0120_pE_89,,A12,CTAGGTTC,F48,ACAGGTAT,R9
762,bir_0120_pE_90,,B12,CTAGGTTC,F48,TGTAACTC,R10
763,bir_0120_pE_91,,C12,CTAGGTTC,F48,ACCAACTG,R11
764,bir_0120_pE_92,,D12,CTAGGTTC,F48,TGCTCGAC,R12
765,bir_0120_pE_93,,E12,CTAGGTTC,F48,ACTGTATC,R13
766,bir_0120_pE_94,,F12,CTAGGTTC,F48,TCTGGCGA,R14
767,bir_0120_pE_95,,G12,CTAGGTTC,F48,AGCATGGA,R15
768,bir_0120_pE_96,,H12,CTAGGTTC,F48,TCTCGGTC,R16
